ticker,company_name,our_sector,screener_broad_sector,screener_sector,screener_broad_industry,screener_industry,status
360ONE.NS,360 ONE WAM LIMITED,FINANCIAL SERVICES,Financial Services,Financial Services,Capital Markets,Stockbroking & Allied,ok
3MINDIA.NS,3M INDIA LIMITED,INDUSTRIAL,Diversified,Diversified,Diversified,Diversified,ok
AADHARHFC.NS,AADHAR HOUSING FINANCE LIMITED,FINANCIAL SERVICES,Financial Services,Financial Services,Finance,Housing Finance Company,ok
AARTIIND.NS,AARTI INDUSTRIES LIMITED,CHEMICALS,Commodities,Chemicals,Chemicals & Petrochemicals,Specialty Chemicals,ok
AAVAS.NS,AAVAS FINANCIERS LIMITED,FINANCIAL SERVICES,Financial Services,Financial Services,Finance,Housing Finance Company,ok
ABB.NS,ABB INDIA LIMITED,INDUSTRIAL,Industrials,Capital Goods,Electrical Equipment,Heavy Electrical Equipment,ok
ABBOTINDIA.NS,ABBOTT INDIA LIMITED,HEALTHCARE,Healthcare,Healthcare,Pharmaceuticals & Biotechnology,Pharmaceuticals,ok
ABCAPITAL.NS,ADITYA BIRLA CAPITAL LIMITED,FINANCIAL SERVICES,Financial Services,Financial Services,Finance,Investment Company,ok
ABFRL.NS,ADITYA BIRLA FASHION AND RETAIL LIMITED,CONSUMER SERVICES,Consumer Discretionary,Consumer Services,Retailing,Speciality Retail,ok
ABREL.NS,ADITYA BIRLA REAL ESTATE LIMITED,REALTY,Consumer Discretionary,Realty,Realty,"Residential, Commercial Projects",ok
ABSLAMC.NS,ADITYA BIRLA SUN LIFE AMC LIMITED,FINANCIAL SERVICES,Financial Services,Financial Services,Capital Markets,Asset Management Company,ok
ACC.NS,ACC LIMITED,CEMENT,Commodities,Construction Materials,Cement & Cement Products,Cement & Cement Products,ok
ACE.NS,ACTION CONSTRUCTION EQUIPMENT LIMITED,INDUSTRIAL,Industrials,Capital Goods,"Agricultural, Commercial & Construction Vehicles",Construction Vehicles,ok
ACI.NS,ARCHEAN CHEMICAL INDUSTRIES LIMITED,CHEMICALS,Commodities,Chemicals,Chemicals & Petrochemicals,Specialty Chemicals,ok
ADANIENSOL.NS,ADANI ENERGY SOLUTIONS LIMITED,ENERGY,Utilities,Power,Power,Power Distribution,ok
ADANIENT.NS,ADANI ENTERPRISES LIMITED,CONGLOMERATE,Commodities,Metals & Mining,Metals & Minerals Trading,Trading - Minerals,ok
ADANIGREEN.NS,ADANI GREEN ENERGY LIMITED,ENERGY,Utilities,Power,Power,Power Generation,ok
ADANIPORTS.NS,ADANI PORTS AND SPECIAL ECONOMIC ZONE LIMITED,INFRASTRUCTURE,Services,Services,Transport Infrastructure,Port & Port services,ok
ADANIPOWER.NS,ADANI POWER LIMITED,ENERGY,Utilities,Power,Power,Integrated Power Utilities,ok
AEGISLOG.NS,AEGIS LOGISTICS LIMITED,LOGISTICS,Energy,"Oil, Gas & Consumable Fuels",Gas,Trading - Gas,ok
AFFLE.NS,AFFLE (INDIA) LIMITED,IT,Information Technology,Information Technology,IT - Services,IT Enabled Services,ok
AIAENG.NS,AIA ENGINEERING LIMITED,INDUSTRIAL,Industrials,Capital Goods,Industrial Products,Castings & Forgings,ok
AJANTPHARM.NS,AJANTA PHARMA LIMITED,HEALTHCARE,Healthcare,Healthcare,Pharmaceuticals & Biotechnology,Pharmaceuticals,ok
AKUMS.NS,AKUMS DRUGS AND PHARMACEUTICALS,HEALTHCARE,Healthcare,Healthcare,Pharmaceuticals & Biotechnology,Pharmaceuticals,ok
ALKEM.NS,ALKEM LABORATORIES LIMITED,HEALTHCARE,Healthcare,Healthcare,Pharmaceuticals & Biotechnology,Pharmaceuticals,ok
ALKYLAMINE.NS,ALKYL AMINES CHEMICALS LIMITED,CHEMICALS,Commodities,Chemicals,Chemicals & Petrochemicals,Specialty Chemicals,ok
ALLCARGO.NS,ALLCARGO LOGISTICS LIMITED,LOGISTICS,Services,Services,Transport Services,Logistics Solution Provider,ok
ALOKINDS.NS,ALOK INDUSTRIES LIMITED,TEXTILES,Consumer Discretionary,Textiles,Textiles & Apparels,Other Textile Products,ok
AMBER.NS,AMBER ENTERPRISES INDIA LTD,CONSUMER DURABLES,Consumer Discretionary,Consumer Durables,Consumer Durables,Household Appliances,ok
AMBUJACEM.NS,AMBUJA CEMENTS LIMITED,CEMENT,Commodities,Construction Materials,Cement & Cement Products,Cement & Cement Products,ok
ANANDRATHI.NS,ANAND RATHI WEALTH LIMITED,FINANCIAL SERVICES,Financial Services,Financial Services,Capital Markets,Financial Products Distributor,ok
ANANTRAJ.NS,ANANT RAJ LIMITED,REALTY,Consumer Discretionary,Realty,Realty,"Residential, Commercial Projects",ok
ANGELONE.NS,ANGEL ONE LIMITED,FINANCIAL SERVICES,Financial Services,Financial Services,Capital Markets,Stockbroking & Allied,ok
APARINDS.NS,APOLLO PIPES LIMITED,AUTO COMPONENTS,Industrials,Capital Goods,Electrical Equipment,Other Electrical Equipment,ok
APLAPOLLO.NS,APL APOLLO TUBES LIMITED,METALS,Industrials,Capital Goods,Industrial Products,Iron & Steel Products,ok
APLLTD.NS,APL LIMITED,INDUSTRIAL,Healthcare,Healthcare,Pharmaceuticals & Biotechnology,Pharmaceuticals,ok
APOLLOHOSP.NS,APOLLO HOSPITALS ENTERPRISE LIMITED,HEALTHCARE,Healthcare,Healthcare,Healthcare Services,Hospital,ok
APOLLOTYRE.NS,APOLLO TYRES LIMITED,AUTO COMPONENTS,Consumer Discretionary,Automobile and Auto Components,Auto Components,Tyres & Rubber Products,ok
APTUS.NS,APTUS VALUE HOUSING FINANCE INDIA,FINANCIAL SERVICES,Financial Services,Financial Services,Finance,Housing Finance Company,ok
ARE&M.NS,AMARA RAJA ENERGY & MOBILITY LIMITED,AUTOMOBILE,Consumer Discretionary,Automobile and Auto Components,Auto Components,Auto Components & Equipments,ok
ASAHIINDIA.NS,ASAHI INDIA GLASS LIMITED,AUTO COMPONENTS,Consumer Discretionary,Automobile and Auto Components,Auto Components,Auto Components & Equipments,ok
ASHAPURMIN.NS,Ashapura Minechem,METALS,Commodities,Metals & Mining,Minerals & Mining,Industrial Minerals,ok
ASHOKA.NS,ASHOKA BUILDCON LIMITED,INFRASTRUCTURE,Industrials,Construction,Construction,Civil Construction,ok
ASHOKLEY.NS,ASHOK LEYLAND LTD,AUTOMOBILE,Industrials,Capital Goods,"Agricultural, Commercial & Construction Vehicles",Commercial Vehicles,ok
ASIANENE.NS,ASIAN ENERGY SERVICES LTD,ENERGY,Energy,"Oil, Gas & Consumable Fuels",Oil,Oil Equipment & Services,ok
ASIANPAINT.NS,ASIAN PAINTS LIMITED,CHEMICALS,Consumer Discretionary,Consumer Durables,Consumer Durables,Paints,ok
ASTERDM.NS,ASTER DM HEALTHCARE LIMITED,HEALTHCARE,Healthcare,Healthcare,Healthcare Services,Hospital,ok
ASTRAL.NS,ASTRAL LIMITED,INDUSTRIAL,Industrials,Capital Goods,Industrial Products,Plastic Products - Industrial,ok
ASTRAZEN.NS,ASTRAZENECA PHARMA INDIA LIMITED,HEALTHCARE,Healthcare,Healthcare,Pharmaceuticals & Biotechnology,Pharmaceuticals,ok
ATGL.NS,ADANI TOTAL GAS LIMITED,ENERGY,Energy,"Oil, Gas & Consumable Fuels",Gas,LPG/CNG/PNG/LNG Supplier,ok
ATUL.NS,ATUL LIMITED,CHEMICALS,Commodities,Chemicals,Chemicals & Petrochemicals,Specialty Chemicals,ok
AUBANK.NS,AU SMALL FINANCE BANK LIMITED,BANKING,Financial Services,Financial Services,Banks,Other Bank,ok
AUROPHARMA.NS,AUROBINDO PHARMA LIMITED,HEALTHCARE,Healthcare,Healthcare,Pharmaceuticals & Biotechnology,Pharmaceuticals,ok
AVANTEL.NS,AVANTEL LIMITED,DEFENCE,Industrials,Capital Goods,Aerospace & Defense,Aerospace & Defense,ok
AVANTIFEED.NS,AVANTI FEEDS LIMITED,AGRICULTURE,Fast Moving Consumer Goods,Fast Moving Consumer Goods,Food Products,Animal Feed,ok
AWL.NS,ADANI WILMAR LIMITED,FMCG,Fast Moving Consumer Goods,Fast Moving Consumer Goods,Agricultural Food & other Products,Edible Oil,ok
AXISBANK.NS,AXIS BANK LIMITED,BANKING,Financial Services,Financial Services,Banks,Private Sector Bank,ok
BAJAJ-AUTO.NS,BAJAJ AUTO LIMITED,AUTOMOBILE,Consumer Discretionary,Automobile and Auto Components,Automobiles,2/3 Wheelers,ok
BAJAJFINSV.NS,BAJAJ FINSERV LIMITED,FINANCIAL SERVICES,Financial Services,Financial Services,Finance,Holding Company,ok
BAJAJHLDNG.NS,BAJAJ HOLDINGS & INVESTMENT LIMITED,CONGLOMERATE,Financial Services,Financial Services,Finance,Holding Company,ok
BAJFINANCE.NS,BAJAJ FINANCE LIMITED,FINANCIAL SERVICES,Financial Services,Financial Services,Finance,Non Banking Financial Company (NBFC),ok
BALAMINES.NS,BALAJI AMINES LIMITED,CHEMICALS,Commodities,Chemicals,Chemicals & Petrochemicals,Specialty Chemicals,ok
BALKRISIND.NS,BALKRISHNA INDUSTRIES LIMITED,AUTO COMPONENTS,Consumer Discretionary,Automobile and Auto Components,Auto Components,Tyres & Rubber Products,ok
BALRAMCHIN.NS,BALRAMPUR CHINI MILLS LIMITED,FMCG,Fast Moving Consumer Goods,Fast Moving Consumer Goods,Agricultural Food & other Products,Sugar,ok
BANDHANBNK.NS,BANDHAN BANK LIMITED,BANKING,Financial Services,Financial Services,Banks,Private Sector Bank,ok
BANKBARODA.NS,BANK OF BARODA,BANKING,Financial Services,Financial Services,Banks,Public Sector Bank,ok
BANKINDIA.NS,BANK OF INDIA,BANKING,Financial Services,Financial Services,Banks,Public Sector Bank,ok
BASF.NS,BASF INDIA LIMITED,CHEMICALS,Commodities,Chemicals,Chemicals & Petrochemicals,Specialty Chemicals,ok
BATAINDIA.NS,BATA INDIA LIMITED,CONSUMER DURABLES,Consumer Discretionary,Consumer Durables,Consumer Durables,Footwear,ok
BAYERCROP.NS,BAYER CROPSCIENCE LIMITED,CHEMICALS,Commodities,Chemicals,Fertilizers & Agrochemicals,Pesticides & Agrochemicals,ok
BBTC.NS,BOMBAY BURMAH TRADING CORPORATION,CONGLOMERATE,Fast Moving Consumer Goods,Fast Moving Consumer Goods,Food Products,Packaged Foods,ok
BDL.NS,BHARAT DYNAMICS LIMITED,DEFENCE,Industrials,Capital Goods,Aerospace & Defense,Aerospace & Defense,ok
BEL.NS,BHARAT ELECTRONICS LTD,DEFENCE,Industrials,Capital Goods,Aerospace & Defense,Aerospace & Defense,ok
BELRISE.NS,BELRISE INDUSTRIES LIMITED,INDUSTRIAL,Consumer Discretionary,Automobile and Auto Components,Auto Components,Auto Components & Equipments,ok
BEML.NS,BHARAT EARTH MOVERS LIMITED,DEFENCE,Industrials,Capital Goods,"Agricultural, Commercial & Construction Vehicles",Construction Vehicles,ok
BERGEPAINT.NS,BERGER PAINTS INDIA LIMITED,CHEMICALS,Consumer Discretionary,Consumer Durables,Consumer Durables,Paints,ok
BHARATFORG.NS,BHARAT FORGE LIMITED,AUTO COMPONENTS,Consumer Discretionary,Automobile and Auto Components,Auto Components,Auto Components & Equipments,ok
BHARATRAS.NS,BHARAT RASAYAN LIMITED,CHEMICALS,Commodities,Chemicals,Fertilizers & Agrochemicals,Pesticides & Agrochemicals,ok
BHARTIARTL.NS,BHARTI AIRTEL LTD,TELECOM,Telecommunication,Telecommunication,Telecom - Services,Telecom - Cellular & Fixed line services,ok
BHARTIHEXA.NS,BHARTI HEXACOM LIMITED,TELECOM,Telecommunication,Telecommunication,Telecom - Services,Telecom - Cellular & Fixed line services,ok
BHEL.NS,BHARAT HEAVY ELECTRICALS LIMITED,INDUSTRIAL,Industrials,Capital Goods,Electrical Equipment,Heavy Electrical Equipment,ok
BIKAJI.NS,BIKAJI FOODS INTERNATIONAL LIMITED,FMCG,Fast Moving Consumer Goods,Fast Moving Consumer Goods,Food Products,Packaged Foods,ok
BIOCON.NS,BIOCON LIMITED,HEALTHCARE,Healthcare,Healthcare,Pharmaceuticals & Biotechnology,Pharmaceuticals,ok
BIRLACORPN.NS,BIRLA CORPORATION LIMITED,CEMENT,Commodities,Construction Materials,Cement & Cement Products,Cement & Cement Products,ok
BLS.NS,BLS INTERNATIONAL SERVICES LIMITED,CONSUMER SERVICES,Consumer Discretionary,Consumer Services,Leisure Services,"Tour, Travel Related Services",ok
BLUEDART.NS,BLUE DART EXPRESS LIMITED,LOGISTICS,Services,Services,Transport Services,Logistics Solution Provider,ok
BLUESTARCO.NS,BLUE STAR LIMITED,CONSUMER DURABLES,Consumer Discretionary,Consumer Durables,Consumer Durables,Household Appliances,ok
BOSCHLTD.NS,BOSCH LIMITED,AUTO COMPONENTS,Consumer Discretionary,Automobile and Auto Components,Auto Components,Auto Components & Equipments,ok
BPCL.NS,BHARAT PETROLEUM CORPORATION LIMITED,ENERGY,Energy,"Oil, Gas & Consumable Fuels",Petroleum Products,Refineries & Marketing,ok
BRIGADE.NS,BRIGADE ENTERPRISES LIMITED,REALTY,Consumer Discretionary,Realty,Realty,"Residential, Commercial Projects",ok
BRITANNIA.NS,BRITANNIA INDUSTRIES LIMITED,FMCG,Fast Moving Consumer Goods,Fast Moving Consumer Goods,Food Products,Packaged Foods,ok
BSE.NS,BSE Ltd,FINANCIAL SERVICES,Financial Services,Financial Services,Capital Markets,Exchange and Data Platform,ok
BSOFT.NS,BIRLASOFT LIMITED,IT,Information Technology,Information Technology,IT - Software,Computers - Software & Consulting,ok
CAMPUS.NS,CAMPUS ACTIVEWEAR LIMITED,CONSUMER DURABLES,Consumer Discretionary,Consumer Durables,Consumer Durables,Footwear,ok
CAMS.NS,COMPUTER AGE MANAGEMENT SERVICES LTD,FINANCIAL SERVICES,Financial Services,Financial Services,Capital Markets,"Depositories, Clearing Houses and Other Intermediaries",ok
CANBK.NS,CANARA BANK,BANKING,Financial Services,Financial Services,Banks,Public Sector Bank,ok
CANFINHOME.NS,CAN FIN HOMES LIMITED,FINANCIAL SERVICES,Financial Services,Financial Services,Finance,Housing Finance Company,ok
CAPLIPOINT.NS,CAPLIN POINT LABORATORIES LIMITED,HEALTHCARE,Healthcare,Healthcare,Pharmaceuticals & Biotechnology,Pharmaceuticals,ok
CARBORUNIV.NS,CARBORUNDUM UNIVERSAL LIMITED,INDUSTRIAL,Industrials,Capital Goods,Industrial Products,Abrasives & Bearings,ok
CASTROLIND.NS,CASTROL INDIA LIMITED,ENERGY,Energy,"Oil, Gas & Consumable Fuels",Petroleum Products,Lubricants,ok
CCL.NS,CCL PRODUCTS (INDIA) LIMITED,FMCG,Fast Moving Consumer Goods,Fast Moving Consumer Goods,Agricultural Food & other Products,Tea & Coffee,ok
CDSL.NS,CENTRAL DEPOSITORY SERVICES (INDIA) LTD,FINANCIAL SERVICES,Financial Services,Financial Services,Capital Markets,"Depositories, Clearing Houses and Other Intermediaries",ok
CEATLTD.NS,CEAT LIMITED,AUTO COMPONENTS,Consumer Discretionary,Automobile and Auto Components,Auto Components,Tyres & Rubber Products,ok
CELLO.NS,CELLO WORLD LIMITED,CONSUMER DURABLES,Consumer Discretionary,Consumer Durables,Consumer Durables,Houseware,ok
CENTENKA.NS,CENTURY ENKA LIMITED,TEXTILES,Consumer Discretionary,Textiles,Textiles & Apparels,Other Textile Products,ok
CENTRALBK.NS,CENTRAL BANK OF INDIA,BANKING,Financial Services,Financial Services,Banks,Public Sector Bank,ok
CENTRUM.NS,CENTRUM CAPITAL LIMITED,FINANCIAL SERVICES,Financial Services,Financial Services,Finance,Other Financial Services,ok
CENTURYPLY.NS,CENTURY PLYBOARDS (INDIA) LIMITED,INDUSTRIAL,Consumer Discretionary,Consumer Durables,Consumer Durables,Plywood Boards/ Laminates,ok
CERA.NS,CERA SANITARYWARE LIMITED,CONSUMER DURABLES,Consumer Discretionary,Consumer Durables,Consumer Durables,Sanitary Ware,ok
CESC.NS,CESC LIMITED,ENERGY,Utilities,Power,Power,Integrated Power Utilities,ok
CGCL.NS,CAPRI GLOBAL CAPITAL LIMITED,FINANCIAL SERVICES,Financial Services,Financial Services,Finance,Non Banking Financial Company (NBFC),ok
CGPOWER.NS,CG POWER AND INDUSTRIAL SOLUTIONS LIMITED,INDUSTRIAL,Industrials,Capital Goods,Electrical Equipment,Heavy Electrical Equipment,ok
CHALET.NS,CHALET HOTELS LIMITED,REALTY,Consumer Discretionary,Consumer Services,Leisure Services,Hotels & Resorts,ok
CHAMBLFERT.NS,CHAMBAL FERTILISERS AND CHEMICALS LIMITED,CHEMICALS,Commodities,Chemicals,Fertilizers & Agrochemicals,Fertilizers,ok
CHEMPLASTS.NS,CHEMPLAST SANMAR LIMITED,CHEMICALS,Commodities,Chemicals,Chemicals & Petrochemicals,Commodity Chemicals,ok
CHENNPETRO.NS,CHENNAI PETROLEUM CORPORATION,ENERGY,Energy,"Oil, Gas & Consumable Fuels",Petroleum Products,Refineries & Marketing,ok
CHOLAFIN.NS,CHOLAMANDALAM INVESTMENT AND FINANCE COMPANY LIMITED,FINANCIAL SERVICES,Financial Services,Financial Services,Finance,Non Banking Financial Company (NBFC),ok
CHOLAHLDNG.NS,CHOLAMANDALAM FINANCIAL HOLDINGS,FINANCIAL SERVICES,Financial Services,Financial Services,Finance,Investment Company,ok
CIEINDIA.NS,CIE INDIA,AUTO COMPONENTS,Consumer Discretionary,Automobile and Auto Components,Auto Components,Auto Components & Equipments,ok
CIPLA.NS,CIPLA LIMITED,HEALTHCARE,Healthcare,Healthcare,Pharmaceuticals & Biotechnology,Pharmaceuticals,ok
CLEAN.NS,CLEAN SCIENCE AND TECHNOLOGY,CHEMICALS,Commodities,Chemicals,Chemicals & Petrochemicals,Specialty Chemicals,ok
COALINDIA.NS,COAL INDIA LIMITED,METALS,Energy,"Oil, Gas & Consumable Fuels",Consumable Fuels,Coal,ok
COCHINSHIP.NS,COCHIN SHIPYARD LIMITED,INDUSTRIAL,Industrials,Capital Goods,Industrial Manufacturing,Ship Building & Allied Services,ok
COFORGE.NS,COFORGE LIMITED,IT,Information Technology,Information Technology,IT - Software,Computers - Software & Consulting,ok
COLPAL.NS,COLGATE PALMOLIVE (INDIA) LIMITED,FMCG,Fast Moving Consumer Goods,Fast Moving Consumer Goods,Personal Products,Personal Care,ok
CONCOR.NS,CONTAINER CORPORATION OF INDIA LIMITED,LOGISTICS,Services,Services,Transport Services,Logistics Solution Provider,ok
CONCORDBIO.NS,CONCORD BIOTECH LIMITED,HEALTHCARE,Healthcare,Healthcare,Pharmaceuticals & Biotechnology,Pharmaceuticals,ok
COROMANDEL.NS,COROMANDEL INTERNATIONAL LIMITED,CHEMICALS,Commodities,Chemicals,Fertilizers & Agrochemicals,Fertilizers,ok
CRAFTSMAN.NS,CRAFTSMAN AUTOMATION LIMITED,AUTO COMPONENTS,Consumer Discretionary,Automobile and Auto Components,Auto Components,Auto Components & Equipments,ok
CREDITACC.NS,CREDITACCESS GRAMEEN LIMITED,FINANCIAL SERVICES,Financial Services,Financial Services,Finance,Microfinance Institutions,ok
CRISIL.NS,CRISIL LIMITED,FINANCIAL SERVICES,Financial Services,Financial Services,Finance,Other Financial Services,ok
CROMPTON.NS,CROMPTON GREAVES CONSUMER ELECTRICALS LIMITED,CONSUMER DURABLES,Consumer Discretionary,Consumer Durables,Consumer Durables,Household Appliances,ok
CSBBANK.NS,CSB BANK LIMITED,BANKING,Financial Services,Financial Services,Banks,Private Sector Bank,ok
CUB.NS,CITY UNION BANK LIMITED,BANKING,Financial Services,Financial Services,Banks,Private Sector Bank,ok
CUMMINSIND.NS,CUMMINS INDIA LTD,INDUSTRIAL,Industrials,Capital Goods,Industrial Products,"Compressors, Pumps & Diesel Engines",ok
CYIENT.NS,CYIENT LIMITED,IT,Information Technology,Information Technology,IT - Services,IT Enabled Services,ok
DABUR.NS,DABUR INDIA LIMITED,FMCG,Fast Moving Consumer Goods,Fast Moving Consumer Goods,Personal Products,Personal Care,ok
DALBHARAT.NS,DALMIA BHARAT LIMITED,CEMENT,Commodities,Construction Materials,Cement & Cement Products,Cement & Cement Products,ok
DATAPATTNS.NS,DATA PATTERNS (INDIA) LTD,DEFENCE,Industrials,Capital Goods,Aerospace & Defense,Aerospace & Defense,ok
DBREALTY.NS,D B REALTY LIMITED,REALTY,Consumer Discretionary,Consumer Services,Leisure Services,Hotels & Resorts,ok
DEEPAKFERT.NS,DEEPAK FERTILIZERS & PETR,CHEMICALS,Commodities,Chemicals,Chemicals & Petrochemicals,Commodity Chemicals,ok
DEEPAKNTR.NS,DEEPAK NITRITE LIMITED,CHEMICALS,Commodities,Chemicals,Chemicals & Petrochemicals,Specialty Chemicals,ok
DELHIVERY.NS,DELHIVERY LIMITED,LOGISTICS,Services,Services,Transport Services,Logistics Solution Provider,ok
DELTACORP.NS,DELTA CORP LIMITED,CONSUMER SERVICES,Consumer Discretionary,Consumer Services,Leisure Services,Amusement Parks/ Other Recreation,ok
DEVYANI.NS,DEVYANI INTERNATIONAL LIMITED,CONSUMER SERVICES,Consumer Discretionary,Consumer Services,Leisure Services,Restaurants,ok
DHANI.NS,DHANI SERVICES LIMITED,FINANCIAL SERVICES,Financial Services,Financial Services,Finance,Other Financial Services,ok
DHANUKA.NS,DHANUKA AGRITECH LIMITED,CHEMICALS,Commodities,Chemicals,Fertilizers & Agrochemicals,Pesticides & Agrochemicals,ok
DIVISLAB.NS,DIVI'S LABORATORIES LIMITED,HEALTHCARE,Healthcare,Healthcare,Pharmaceuticals & Biotechnology,Pharmaceuticals,ok
DIXON.NS,DIXON TECHNOLOGIES (INDIA) LIMITED,CONSUMER DURABLES,Consumer Discretionary,Consumer Durables,Consumer Durables,Consumer Electronics,ok
DLF.NS,DLF LIMITED,REALTY,Consumer Discretionary,Realty,Realty,"Residential, Commercial Projects",ok
DMART.NS,AVENUE SUPERMARTS LIMITED,CONSUMER SERVICES,Consumer Discretionary,Consumer Services,Retailing,Diversified Retail,ok
DOMS.NS,DOMS INDUSTRIES LIMITED,CONSUMER DURABLES,Fast Moving Consumer Goods,Fast Moving Consumer Goods,Household Products,Stationary,ok
DRREDDY.NS,DR. REDDY'S LABORATORIES LIMITED,HEALTHCARE,Healthcare,Healthcare,Pharmaceuticals & Biotechnology,Pharmaceuticals,ok
EASEMYTRIP.NS,EASY TRIP PLANNERS LIMITED,CONSUMER SERVICES,Consumer Discretionary,Consumer Services,Leisure Services,"Tour, Travel Related Services",ok
ECLERX.NS,ECLERX SERVICES LIMITED,IT,Services,Services,Commercial Services & Supplies,Business Process Outsourcing (BPO)/ Knowledge Process Outsourcing (KPO),ok
EDELWEISS.NS,EDELWEISS FINANCIAL SERVICES LIMITED,FINANCIAL SERVICES,Financial Services,Financial Services,Finance,Holding Company,ok
EICHERMOT.NS,EICHER MOTORS LIMITED,AUTOMOBILE,Consumer Discretionary,Automobile and Auto Components,Automobiles,2/3 Wheelers,ok
EIDPARRY.NS,EID PARRY INDIA LIMITED,FMCG,Fast Moving Consumer Goods,Fast Moving Consumer Goods,Food Products,Other Food Products,ok
EIHOTEL.NS,EIH LIMITED,CONSUMER SERVICES,Consumer Discretionary,Consumer Services,Leisure Services,Hotels & Resorts,ok
ELECON.NS,ELECON ENGINEERING COMPANY LIMITED,INDUSTRIAL,Industrials,Capital Goods,Electrical Equipment,Heavy Electrical Equipment,ok
ELECTCAST.NS,Electrosteel Castings,METALS,Industrials,Capital Goods,Industrial Products,Iron & Steel Products,ok
ELGIEQUIP.NS,ELGI EQUIPMENTS LIMITED,INDUSTRIAL,Industrials,Capital Goods,Industrial Products,"Compressors, Pumps & Diesel Engines",ok
EMAMILTD.NS,EMAMI LIMITED,FMCG,Fast Moving Consumer Goods,Fast Moving Consumer Goods,Personal Products,Personal Care,ok
EMCURE.NS,EMCURE PHARMACEUTICALS LIMITED,HEALTHCARE,Healthcare,Healthcare,Pharmaceuticals & Biotechnology,Pharmaceuticals,ok
ENDURANCE.NS,ENDURANCE TECHNOLOGIES LIMITED,AUTO COMPONENTS,Consumer Discretionary,Automobile and Auto Components,Auto Components,Auto Components & Equipments,ok
ENGINERSIN.NS,ENGINEERS INDIA LIMITED,INFRASTRUCTURE,Industrials,Construction,Construction,Civil Construction,ok
EQUITAS.NS,EQUITAS HOLDINGS LIMITED,FINANCIAL SERVICES,Financial Services,Financial Services,Finance,Investment Company,ok
EQUITASBNK.NS,EQUITAS SMALL FINANCE BANK LIMITED,BANKING,Financial Services,Financial Services,Banks,Other Bank,ok
ERIS.NS,ERIS LIFESCIENCES LIMITED,HEALTHCARE,Healthcare,Healthcare,Pharmaceuticals & Biotechnology,Pharmaceuticals,ok
ESCORTS.NS,ESCORTS LIMITED,AUTOMOBILE,Industrials,Capital Goods,"Agricultural, Commercial & Construction Vehicles",Tractors,ok
ESSELPACK.NS,ESSEL PROPACK LIMITED,INDUSTRIAL,,,,,no_breadcrumb
EXIDEIND.NS,EXIDE INDUSTRIES LIMITED,AUTO COMPONENTS,Consumer Discretionary,Automobile and Auto Components,Auto Components,Auto Components & Equipments,ok
FACT.NS,FERTILISERS AND CHEMICALS TRAVANCORE LIMITED,CHEMICALS,Commodities,Chemicals,Fertilizers & Agrochemicals,Fertilizers,ok
FEDERALBNK.NS,FEDERAL BANK LIMITED,BANKING,Financial Services,Financial Services,Banks,Private Sector Bank,ok
FIEMIND.NS,FIEM INDUSTRIES LIMITED,AUTO COMPONENTS,Consumer Discretionary,Automobile and Auto Components,Auto Components,Auto Components & Equipments,ok
FINCABLES.NS,FINOLEX CABLES LIMITED,INDUSTRIAL,Industrials,Capital Goods,Industrial Products,Cables - Electricals,ok
FINEORG.NS,FINE ORGANIC INDUSTRIES LIMITED,CHEMICALS,Commodities,Chemicals,Chemicals & Petrochemicals,Specialty Chemicals,ok
FINPIPE.NS,FINOLEX INDUSTRIES LIMITED,INDUSTRIAL,Industrials,Capital Goods,Industrial Products,Plastic Products - Industrial,ok
FIVESTAR.NS,FIVE STAR BUSINESS FINANCE LIMITED,FINANCIAL SERVICES,Financial Services,Financial Services,Finance,Non Banking Financial Company (NBFC),ok
FLUOROCHEM.NS,GUJARAT FLUOROCHEMICALS LIMITED,CHEMICALS,Commodities,Chemicals,Chemicals & Petrochemicals,Specialty Chemicals,ok
FORTIS.NS,FORTIS HEALTHCARE LIMITED,HEALTHCARE,Healthcare,Healthcare,Healthcare Services,Hospital,ok
FSL.NS,FIRSTSOURCE SOLUTIONS LIMITED,IT,Services,Services,Commercial Services & Supplies,Business Process Outsourcing (BPO)/ Knowledge Process Outsourcing (KPO),ok
GAEL.NS,GUJARAT AGRO INDUSTRIES LIMITED,AGRICULTURE,Fast Moving Consumer Goods,Fast Moving Consumer Goods,Agricultural Food & other Products,Other Agricultural Products,ok
GAIL.NS,GAIL (INDIA) LIMITED,ENERGY,Energy,"Oil, Gas & Consumable Fuels",Gas,Gas Transmission/Marketing,ok
GENUSPOWER.NS,GENUS POWER INFRASTRUCTURES LTD,ENERGY,Industrials,Capital Goods,Electrical Equipment,Other Electrical Equipment,ok
GEPIL.NS,GE POWER INDIA LIMITED,INDUSTRIAL,,,,,no_breadcrumb
GESHIP.NS,GREAT EASTERN SHIPPING COMPANY LIMITED,LOGISTICS,Services,Services,Transport Services,Shipping,ok
GICRE.NS,GENERAL INSURANCE CORPORATION OF INDIA,FINANCIAL SERVICES,Financial Services,Financial Services,Insurance,General Insurance,ok
GILLETTE.NS,GILLETTE INDIA LIMITED,FMCG,Fast Moving Consumer Goods,Fast Moving Consumer Goods,Personal Products,Personal Care,ok
GLAND.NS,GLAND PHARMA LIMITED,HEALTHCARE,Healthcare,Healthcare,Pharmaceuticals & Biotechnology,Pharmaceuticals,ok
GLAXO.NS,GLAXOSMITHKLINE PHARMACEUTICALS LIMITED,HEALTHCARE,Healthcare,Healthcare,Pharmaceuticals & Biotechnology,Pharmaceuticals,ok
GLENMARK.NS,GLENMARK PHARMACEUTICALS LIMITED,HEALTHCARE,Healthcare,Healthcare,Pharmaceuticals & Biotechnology,Pharmaceuticals,ok
GMDCLTD.NS,GUJARAT MINERAL DEVELOPMENT CORP,METALS,Commodities,Metals & Mining,Minerals & Mining,Industrial Minerals,ok
GMMPFAUDLR.NS,GMM PFAUDLER LIMITED,INDUSTRIAL,Industrials,Capital Goods,Industrial Manufacturing,Industrial Products,ok
GMRAIRPORT.NS,GMR AIRPORTS INFRASTRUCTURE LIMITED,INFRASTRUCTURE,Services,Services,Transport Infrastructure,Airport & Airport services,ok
GNFC.NS,GUJARAT NARMADA VALLEY FERTILIZERS & CHEMICALS LIMITED,CHEMICALS,Commodities,Chemicals,Chemicals & Petrochemicals,Commodity Chemicals,ok
GODFRYPHLP.NS,GODFREY PHILLIPS INDIA LIMITED,AGRICULTURE,Fast Moving Consumer Goods,Fast Moving Consumer Goods,Cigarettes & Tobacco Products,Cigarettes & Tobacco Products,ok
GODIGIT.NS,GO DIGIT GENERAL INSURANCE LIMITED,FINANCIAL SERVICES,Financial Services,Financial Services,Insurance,General Insurance,ok
GODREJAGRO.NS,GODREJ AGROVET LIMITED,AGRICULTURE,Fast Moving Consumer Goods,Fast Moving Consumer Goods,Food Products,Animal Feed,ok
GODREJCP.NS,GODREJ CONSUMER PRODUCTS LIMITED,FMCG,Fast Moving Consumer Goods,Fast Moving Consumer Goods,Personal Products,Personal Care,ok
GODREJIND.NS,GODREJ INDUSTRIES LIMITED,CHEMICALS,Diversified,Diversified,Diversified,Diversified,ok
GODREJPROP.NS,GODREJ PROPERTIES LIMITED,REALTY,Consumer Discretionary,Realty,Realty,"Residential, Commercial Projects",ok
GOLDBEES.NS,Nippon India ETF Gold BEES,ETF,,,,,no_breadcrumb
GPIL.NS,GODAWARI POWER AND ISPAT LIMITED,METALS,Industrials,Capital Goods,Industrial Products,Iron & Steel Products,ok
GPPL.NS,GUJARAT PIPAVAV PORT LIMITED,INFRASTRUCTURE,Services,Services,Transport Infrastructure,Port & Port services,ok
GRANULES.NS,GRANULES INDIA LIMITED,HEALTHCARE,Healthcare,Healthcare,Pharmaceuticals & Biotechnology,Pharmaceuticals,ok
GRAPHITE.NS,GRAPHITE INDIA LIMITED,INDUSTRIAL,Industrials,Capital Goods,Industrial Products,Electrodes & Refractories,ok
GRASIM.NS,GRASIM INDUSTRIES LIMITED,CEMENT,Commodities,Construction Materials,Cement & Cement Products,Cement & Cement Products,ok
GREAVESCOT.NS,GREAVES COTTON LIMITED,AUTOMOBILE,Industrials,Capital Goods,Industrial Products,"Compressors, Pumps & Diesel Engines",ok
GREENPANEL.NS,GREENPANEL INDUSTRIES LIMITED,INDUSTRIAL,Consumer Discretionary,Consumer Durables,Consumer Durables,Plywood Boards/ Laminates,ok
GRINDWELL.NS,GRINDWELL NORTON LIMITED,INDUSTRIAL,Industrials,Capital Goods,Industrial Products,Abrasives & Bearings,ok
GRINFRA.NS,G R INFRAPROJECTS LIMITED,INFRASTRUCTURE,Industrials,Construction,Construction,Civil Construction,ok
GRSE.NS,GARDEN REACH SHIPBUILDERS & ENGINEERS,DEFENCE,Industrials,Capital Goods,Aerospace & Defense,Aerospace & Defense,ok
GSFC.NS,GUJARAT STATE FERTILIZERS & CHEMICALS,CHEMICALS,Commodities,Chemicals,Fertilizers & Agrochemicals,Fertilizers,ok
GSPL.NS,GUJARAT STATE PETRONET LIMITED,ENERGY,Energy,"Oil, Gas & Consumable Fuels",Gas,Gas Transmission/Marketing,ok
GUJALKALI.NS,GUJARAT ALKALIES AND CHEMICALS LIMITED,CHEMICALS,Commodities,Chemicals,Chemicals & Petrochemicals,Commodity Chemicals,ok
GUJGASLTD.NS,GUJARAT GAS LIMITED,ENERGY,Energy,"Oil, Gas & Consumable Fuels",Gas,LPG/CNG/PNG/LNG Supplier,ok
GULFOILLUB.NS,GULF OIL LUBRICANTS INDIA LIMITED,ENERGY,Energy,"Oil, Gas & Consumable Fuels",Petroleum Products,Lubricants,ok
HAL.NS,HINDUSTAN AERONAUTICS LIMITED,DEFENCE,Industrials,Capital Goods,Aerospace & Defense,Aerospace & Defense,ok
HAPPSTMNDS.NS,HAPPIEST MINDS TECHNOLOGIES LIMITED,IT,Information Technology,Information Technology,IT - Software,Computers - Software & Consulting,ok
HATHWAY.NS,HATHWAY CABLE & DATACOM LIMITED,TELECOM,Consumer Discretionary,"Media, Entertainment & Publication",Entertainment,TV Broadcasting & Software Production,ok
HATSUN.NS,HATSUN AGRO PRODUCT LIMITED,FMCG,Fast Moving Consumer Goods,Fast Moving Consumer Goods,Food Products,Dairy Products,ok
HAVELLS.NS,HAVELLS INDIA LIMITED,CONSUMER DURABLES,Consumer Discretionary,Consumer Durables,Consumer Durables,Consumer Electronics,ok
HBLENGINE.NS,HBL ENGINEERING LIMITED,AUTO COMPONENTS,Industrials,Capital Goods,Industrial Products,Other Industrial Products,ok
HCLTECH.NS,HCL TECHNOLOGIES LIMITED,IT,Information Technology,Information Technology,IT - Software,Computers - Software & Consulting,ok
HDFCAMC.NS,HDFC ASSET MANAGEMENT COMPANY LIMITED,FINANCIAL SERVICES,Financial Services,Financial Services,Capital Markets,Asset Management Company,ok
HDFCBANK.NS,HDFC BANK LIMITED,BANKING,Financial Services,Financial Services,Banks,Private Sector Bank,ok
HDFCLIFE.NS,HDFC LIFE INSURANCE COMPANY LIMITED,FINANCIAL SERVICES,Financial Services,Financial Services,Insurance,Life Insurance,ok
HEG.NS,HEG LIMITED,METALS,Industrials,Capital Goods,Industrial Products,Electrodes & Refractories,ok
HEIDELBERG.NS,HEIDELBERG CEMENT INDIA LIMITED,CEMENT,Commodities,Construction Materials,Cement & Cement Products,Cement & Cement Products,ok
HEMIPROP.NS,HEMISPHERE PROPERTIES INDIA LIMITED,REALTY,Services,Services,Commercial Services & Supplies,Diversified Commercial Services,ok
HEROMOTOCO.NS,HERO MOTOCORP LIMITED,AUTOMOBILE,Consumer Discretionary,Automobile and Auto Components,Automobiles,2/3 Wheelers,ok
HFCL.NS,HFCL LIMITED,TELECOM,Telecommunication,Telecommunication,Telecom - Services,Telecom - Infrastructure,ok
HINDALCO.NS,HINDALCO INDUSTRIES LIMITED,METALS,Commodities,Metals & Mining,Non - Ferrous Metals,Aluminium,ok
HINDCOPPER.NS,HINDUSTAN COPPER LTD.,METALS,Commodities,Metals & Mining,Non - Ferrous Metals,Copper,ok
HINDPETRO.NS,HINDUSTAN PETROLEUM CORPORATION LIMITED,ENERGY,Energy,"Oil, Gas & Consumable Fuels",Petroleum Products,Refineries & Marketing,ok
HINDUNILVR.NS,HINDUSTAN UNILEVER LIMITED,FMCG,Fast Moving Consumer Goods,Fast Moving Consumer Goods,Diversified FMCG,Diversified FMCG,ok
HINDZINC.NS,HINDUSTAN ZINC LIMITED,METALS,Commodities,Metals & Mining,Non - Ferrous Metals,Zinc,ok
HOMEFIRST.NS,HOME FIRST FINANCE COMPANY INDIA,FINANCIAL SERVICES,Financial Services,Financial Services,Finance,Housing Finance Company,ok
HONASA.NS,HONASA CONSUMER LIMITED,FMCG,Fast Moving Consumer Goods,Fast Moving Consumer Goods,Personal Products,Personal Care,ok
HONAUT.NS,HONEYWELL AUTOMATION INDIA LIMITED,INDUSTRIAL,Industrials,Capital Goods,Industrial Manufacturing,Industrial Products,ok
HSCL.NS,HIMADRI SPECIALITY CHEMICAL LIMITED,CHEMICALS,Commodities,Chemicals,Chemicals & Petrochemicals,Carbon Black,ok
HUDCO.NS,HOUSING & URBAN DEVELOPMENT CORPORATION LIMITED,FINANCIAL SERVICES,Financial Services,Financial Services,Finance,Financial Institution,ok
ICICIBANK.NS,ICICI BANK LIMITED,BANKING,Financial Services,Financial Services,Banks,Private Sector Bank,ok
ICICIGI.NS,ICICI LOMBARD GENERAL INSURANCE COMPANY LIMITED,FINANCIAL SERVICES,Financial Services,Financial Services,Insurance,General Insurance,ok
ICICIPRULI.NS,ICICI PRUDENTIAL LIFE INSURANCE COMPANY LIMITED,FINANCIAL SERVICES,Financial Services,Financial Services,Insurance,Life Insurance,ok
IDBI.NS,IDBI BANK LIMITED,BANKING,Financial Services,Financial Services,Banks,Private Sector Bank,ok
IDEA.NS,VODAFONE IDEA LTD,TELECOM,Telecommunication,Telecommunication,Telecom - Services,Telecom - Cellular & Fixed line services,ok
IDFC.NS,IDFC LIMITED,FINANCIAL SERVICES,Financial Services,Financial Services,Finance,Holding Company,ok
IDFCFIRSTB.NS,IDFC FIRST BANK LIMITED,BANKING,Financial Services,Financial Services,Banks,Private Sector Bank,ok
IEX.NS,INDIAN ENERGY EXCHANGE LIMITED,ENERGY,Financial Services,Financial Services,Capital Markets,Exchange and Data Platform,ok
IFBIND.NS,IFB INDUSTRIES LIMITED,CONSUMER DURABLES,Consumer Discretionary,Consumer Durables,Consumer Durables,Household Appliances,ok
IFCI.NS,IFCI LIMITED,FINANCIAL SERVICES,Financial Services,Financial Services,Finance,Financial Institution,ok
IGARASHI.NS,IGARASHI MOTORS INDIA LIMITED,AUTO COMPONENTS,Consumer Discretionary,Automobile and Auto Components,Auto Components,Auto Components & Equipments,ok
IGL.NS,INDRAPRASTHA GAS LIMITED,ENERGY,Energy,"Oil, Gas & Consumable Fuels",Gas,LPG/CNG/PNG/LNG Supplier,ok
IIFL.NS,IIFL FINANCE LIMITED,FINANCIAL SERVICES,Financial Services,Financial Services,Finance,Non Banking Financial Company (NBFC),ok
INDGN.NS,INDEGENE LIMITED,HEALTHCARE,Healthcare,Healthcare,Healthcare Services,"Healthcare Research, Analytics & Technology",ok
INDHOTEL.NS,THE INDIAN HOTELS COMPANY LIMITED,CONSUMER SERVICES,Consumer Discretionary,Consumer Services,Leisure Services,Hotels & Resorts,ok
INDIACEM.NS,THE INDIA CEMENTS LIMITED,CEMENT,Commodities,Construction Materials,Cement & Cement Products,Cement & Cement Products,ok
INDIAMART.NS,INDIAMART INTERMESH LIMITED,IT,Consumer Discretionary,Consumer Services,Retailing,Internet & Catalogue Retail,ok
INDIANB.NS,INDIAN BANK,BANKING,Financial Services,Financial Services,Banks,Public Sector Bank,ok
INDIGO.NS,INTERGLOBE AVIATION LIMITED,AVIATION,Services,Services,Transport Services,Airline,ok
INDOCO.NS,INDO COUNT INDUSTRIES LIMITED,TEXTILES,Healthcare,Healthcare,Pharmaceuticals & Biotechnology,Pharmaceuticals,ok
INDOSTAR.NS,INDOSTAR CAPITAL FINANCE LIMITED,FINANCIAL SERVICES,Financial Services,Financial Services,Finance,Non Banking Financial Company (NBFC),ok
INDRAMEDCO.NS,INDRAPRASTHA MEDICAL CORPORATION LTD,HEALTHCARE,Healthcare,Healthcare,Healthcare Services,Hospital,ok
INDUSINDBK.NS,INDUSIND BANK LIMITED,BANKING,Financial Services,Financial Services,Banks,Private Sector Bank,ok
INDUSTOWER.NS,INDUS TOWERS LIMITED,TELECOM,Telecommunication,Telecommunication,Telecom - Services,Telecom - Infrastructure,ok
INFIBEAM.NS,INFIBEAM AVENUES LIMITED,IT,,,,,no_breadcrumb
INFY.NS,INFOSYS LIMITED,IT,Information Technology,Information Technology,IT - Software,Computers - Software & Consulting,ok
INOXINDIA.NS,INOX INDIA LIMITED,INDUSTRIAL,Industrials,Capital Goods,Industrial Products,Other Industrial Products,ok
INOXWIND.NS,INOX WIND LIMITED,ENERGY,Industrials,Capital Goods,Electrical Equipment,Heavy Electrical Equipment,ok
INTELLECT.NS,INTELLECT DESIGN ARENA LIMITED,IT,Information Technology,Information Technology,IT - Software,Computers - Software & Consulting,ok
IOB.NS,INDIAN OVERSEAS BANK,BANKING,Financial Services,Financial Services,Banks,Public Sector Bank,ok
IOC.NS,INDIAN OIL CORPORATION LIMITED,ENERGY,Energy,"Oil, Gas & Consumable Fuels",Petroleum Products,Refineries & Marketing,ok
IPCALAB.NS,IPCA LABORATORIES LIMITED,HEALTHCARE,Healthcare,Healthcare,Pharmaceuticals & Biotechnology,Pharmaceuticals,ok
IRB.NS,IRB INFRASTRUCTURE DEVELOPERS LIMITED,INFRASTRUCTURE,Industrials,Construction,Construction,Civil Construction,ok
IRCON.NS,IRCON INTERNATIONAL LIMITED,INFRASTRUCTURE,Industrials,Construction,Construction,Civil Construction,ok
IRCTC.NS,INDIAN RAILWAY CATERING AND TOURISM CORPORATION LIMITED,CONSUMER SERVICES,Consumer Discretionary,Consumer Services,Leisure Services,"Tour, Travel Related Services",ok
IREDA.NS,INDIAN RENEWABLE ENERGY DEV AGENCY,FINANCIAL SERVICES,Financial Services,Financial Services,Finance,Financial Institution,ok
IRFC.NS,INDIAN RAILWAY FINANCE CORPORATION LIMITED,FINANCIAL SERVICES,Financial Services,Financial Services,Finance,Financial Institution,ok
ITC.NS,ITC LIMITED,FMCG,Fast Moving Consumer Goods,Fast Moving Consumer Goods,Diversified FMCG,Diversified FMCG,ok
ITDC.NS,INDIA TOURISM DEVELOPMENT CORPORATION LIMITED,CONSUMER SERVICES,Consumer Discretionary,Consumer Services,Leisure Services,Hotels & Resorts,ok
ITI.NS,ITI LIMITED,TELECOM,Telecommunication,Telecommunication,Telecom -  Equipment & Accessories,Telecom -  Equipment & Accessories,ok
J&KBANK.NS,JAMMU & KASHMIR BANK LIMITED,BANKING,Financial Services,Financial Services,Banks,Private Sector Bank,ok
JAMNAAUTO.NS,JAMNA AUTO INDUSTRIES LIMITED,AUTO COMPONENTS,Consumer Discretionary,Automobile and Auto Components,Auto Components,Auto Components & Equipments,ok
JBCHEPHARM.NS,JB CHEMICALS & PHARMACEUTICALS LIMITED,HEALTHCARE,Healthcare,Healthcare,Pharmaceuticals & Biotechnology,Pharmaceuticals,ok
JBMA.NS,JBM AUTO LIMITED,AUTO COMPONENTS,Consumer Discretionary,Automobile and Auto Components,Auto Components,Auto Components & Equipments,ok
JINDALSAW.NS,JINDAL SAW LIMITED,METALS,Industrials,Capital Goods,Industrial Products,Iron & Steel Products,ok
JINDALSTEL.NS,JINDAL STEEL & POWER LIMITED,METALS,Commodities,Metals & Mining,Ferrous Metals,Iron & Steel,ok
JIOFIN.NS,JIO FINANCIAL SERVICES LIMITED,FINANCIAL SERVICES,Financial Services,Financial Services,Finance,Investment Company,ok
JKCEMENT.NS,JK CEMENT LIMITED,CEMENT,Commodities,Construction Materials,Cement & Cement Products,Cement & Cement Products,ok
JKLAKSHMI.NS,JK LAKSHMI CEMENT LIMITED,CEMENT,Commodities,Construction Materials,Cement & Cement Products,Cement & Cement Products,ok
JKPAPER.NS,JK PAPER LIMITED,INDUSTRIAL,Commodities,Forest Materials,"Paper, Forest & Jute Products",Paper & Paper Products,ok
JKTYRE.NS,JK TYRE & INDUSTRIES LIMITED,AUTO COMPONENTS,Consumer Discretionary,Automobile and Auto Components,Auto Components,Tyres & Rubber Products,ok
JMFINANCIL.NS,JM FINANCIAL LIMITED,FINANCIAL SERVICES,Financial Services,Financial Services,Finance,Holding Company,ok
JPPOWER.NS,JAIPRAKASH POWER VENTURES LIMITED,ENERGY,Utilities,Power,Power,Power Generation,ok
JSL.NS,JINDAL STAINLESS LIMITED,METALS,Commodities,Metals & Mining,Ferrous Metals,Iron & Steel,ok
JSWENERGY.NS,JSW ENERGY LIMITED,ENERGY,Utilities,Power,Power,Power Generation,ok
JSWINFRA.NS,JSW INFRASTRUCTURE LIMITED,INFRASTRUCTURE,Services,Services,Transport Infrastructure,Port & Port services,ok
JSWSTEEL.NS,JSW STEEL LTD,METALS,Commodities,Metals & Mining,Ferrous Metals,Iron & Steel,ok
JUBLFOOD.NS,JUBILANT FOODWORKS LIMITED,CONSUMER SERVICES,Consumer Discretionary,Consumer Services,Leisure Services,Restaurants,ok
JUBLINGREA.NS,JUBILANT INGREVIA LIMITED,CHEMICALS,Commodities,Chemicals,Chemicals & Petrochemicals,Specialty Chemicals,ok
JUBLPHARMA.NS,JUBILANT PHARMOVA LIMITED,HEALTHCARE,Healthcare,Healthcare,Pharmaceuticals & Biotechnology,Pharmaceuticals,ok
JUSTDIAL.NS,JUST DIAL LIMITED,IT,Consumer Discretionary,Consumer Services,Retailing,Internet & Catalogue Retail,ok
JWL.NS,JET AIRWAYS (INDIA) LIMITED,AVIATION,Industrials,Capital Goods,Industrial Manufacturing,Railway Wagons,ok
JYOTHYLAB.NS,JYOTHY LABS LIMITED,FMCG,Fast Moving Consumer Goods,Fast Moving Consumer Goods,Household Products,Household Products,ok
JYOTICNC.NS,JYOTI CNC AUTOMATION LIMITED,INDUSTRIAL,Industrials,Capital Goods,Industrial Manufacturing,Industrial Products,ok
KAJARIACER.NS,KAJARIA CERAMICS LIMITED,CONSUMER DURABLES,Consumer Discretionary,Consumer Durables,Consumer Durables,Ceramics,ok
KALYANKJIL.NS,KALYAN JEWELLERS INDIA LIMITED,CONSUMER DURABLES,Consumer Discretionary,Consumer Durables,Consumer Durables,"Gems, Jewellery And Watches",ok
KANSAINER.NS,KANSAI NEROLAC PAINTS LIMITED,CHEMICALS,Consumer Discretionary,Consumer Durables,Consumer Durables,Paints,ok
KARURVYSYA.NS,KARUR VYSYA BANK LIMITED,BANKING,Financial Services,Financial Services,Banks,Private Sector Bank,ok
KAYNES.NS,KAYNES TECHNOLOGY INDIA LIMITED,INDUSTRIAL,Industrials,Capital Goods,Industrial Manufacturing,Industrial Products,ok
KEC.NS,KEC INTERNATIONAL LIMITED,INFRASTRUCTURE,Industrials,Construction,Construction,Civil Construction,ok
KEI.NS,KEI INDUSTRIES LIMITED,INDUSTRIAL,Industrials,Capital Goods,Industrial Products,Cables - Electricals,ok
KFINTECH.NS,KFIN TECHNOLOGIES LIMITED,FINANCIAL SERVICES,Financial Services,Financial Services,Capital Markets,"Depositories, Clearing Houses and Other Intermediaries",ok
KIMS.NS,KRISHNA INSTITUTE OF MEDICAL SCIENCES LT,HEALTHCARE,Healthcare,Healthcare,Healthcare Services,Hospital,ok
KIOCL.NS,KIOCL LIMITED,METALS,Commodities,Metals & Mining,Ferrous Metals,Sponge Iron,ok
KIRLOSBROS.NS,KIRLOSKAR BROTHERS LIMITED,INDUSTRIAL,Industrials,Capital Goods,Industrial Products,"Compressors, Pumps & Diesel Engines",ok
KIRLOSENG.NS,KIRLOSKAR OIL ENGINES LIMITED,INDUSTRIAL,Industrials,Capital Goods,Industrial Products,"Compressors, Pumps & Diesel Engines",ok
KNRCON.NS,KNR CONSTRUCTIONS LIMITED,INFRASTRUCTURE,Industrials,Construction,Construction,Civil Construction,ok
KOTAKBANK.NS,KOTAK MAHINDRA BANK LIMITED,BANKING,Financial Services,Financial Services,Banks,Private Sector Bank,ok
KPEL.NS,K P Energy Limited,ENERGY,Utilities,Power,Power,Power Generation,ok
KPENERGY.NS,K P ENERGY LIMITED,ENERGY,,,,,no_breadcrumb
KPIGREEN.NS,KPI GREEN ENERGY LIMITED,ENERGY,Utilities,Power,Power,Power Generation,ok
KPIL.NS,KALPATARU PROJECTS INTERNATIONAL,INFRASTRUCTURE,Industrials,Construction,Construction,Civil Construction,ok
KPITTECH.NS,KPIT TECHNOLOGIES LIMITED,IT,Information Technology,Information Technology,IT - Software,Computers - Software & Consulting,ok
KPRMILL.NS,KPR MILL LIMITED,TEXTILES,Consumer Discretionary,Textiles,Textiles & Apparels,Other Textile Products,ok
KRBL.NS,KRBL LIMITED,FMCG,Fast Moving Consumer Goods,Fast Moving Consumer Goods,Agricultural Food & other Products,Other Agricultural Products,ok
KSB.NS,KSB LIMITED,INDUSTRIAL,Industrials,Capital Goods,Industrial Products,"Compressors, Pumps & Diesel Engines",ok
KSCL.NS,KAVERI SEED COMPANY LIMITED,AGRICULTURE,Fast Moving Consumer Goods,Fast Moving Consumer Goods,Agricultural Food & other Products,Other Agricultural Products,ok
LALPATHLAB.NS,DR. LAL PATH LABS LIMITED,HEALTHCARE,Healthcare,Healthcare,Healthcare Services,Healthcare Service Provider,ok
LATENTVIEW.NS,LATENT VIEW ANALYTICS LIMITED,IT,Information Technology,Information Technology,IT - Software,Computers - Software & Consulting,ok
LAURUSLABS.NS,LAURUS LABS LIMITED,HEALTHCARE,Healthcare,Healthcare,Pharmaceuticals & Biotechnology,Pharmaceuticals,ok
LAXMIMACH.NS,LAKSHMI MACHINE WORKS LIMITED,INDUSTRIAL,,,,,no_breadcrumb
LEMONTREE.NS,LEMON TREE HOTELS LIMITED,CONSUMER SERVICES,Consumer Discretionary,Consumer Services,Leisure Services,Hotels & Resorts,ok
LICHSGFIN.NS,LIC HOUSING FINANCE LIMITED,FINANCIAL SERVICES,Financial Services,Financial Services,Finance,Housing Finance Company,ok
LICI.NS,LIFE INSURANCE CORPORATION OF INDIA,FINANCIAL SERVICES,Financial Services,Financial Services,Insurance,Life Insurance,ok
LINDEINDIA.NS,LINDE INDIA LIMITED,CHEMICALS,Commodities,Chemicals,Chemicals & Petrochemicals,Industrial Gases,ok
LLOYDSME.NS,LLOYDS METALS AND ENERGY LIMITED,METALS,Commodities,Metals & Mining,Minerals & Mining,Industrial Minerals,ok
LODHA.NS,MACROTECH DEVELOPERS LIMITED,REALTY,Consumer Discretionary,Realty,Realty,"Residential, Commercial Projects",ok
LT.NS,LARSEN & TOUBRO LIMITED,INFRASTRUCTURE,Industrials,Construction,Construction,Civil Construction,ok
LTF.NS,L&T FINANCE LIMITED,FINANCIAL SERVICES,Financial Services,Financial Services,Finance,Non Banking Financial Company (NBFC),ok
LTIM.NS,LTIMindtree Limited,IT,,,,,no_breadcrumb
LTTS.NS,L&T TECHNOLOGY SERVICES LIMITED,IT,Information Technology,Information Technology,IT - Services,IT Enabled Services,ok
LUPIN.NS,LUPIN LIMITED,HEALTHCARE,Healthcare,Healthcare,Pharmaceuticals & Biotechnology,Pharmaceuticals,ok
LXCHEM.NS,LAXMI ORGANIC INDUSTRIES LIMITED,CHEMICALS,Commodities,Chemicals,Chemicals & Petrochemicals,Specialty Chemicals,ok
M&M.NS,MAHINDRA & MAHINDRA LTD,AUTOMOBILE,Consumer Discretionary,Automobile and Auto Components,Automobiles,Passenger Cars & Utility Vehicles,ok
M&MFIN.NS,MAHINDRA & MAHINDRA FINANCIAL SERVICES LIMITED,FINANCIAL SERVICES,Financial Services,Financial Services,Finance,Non Banking Financial Company (NBFC),ok
MAHABANK.NS,BANK OF MAHARASHTRA,BANKING,Financial Services,Financial Services,Banks,Public Sector Bank,ok
MAHINDCIE.NS,MAHINDRA CIE AUTOMOTIVE LIMITED,AUTO COMPONENTS,,,,,no_breadcrumb
MAHLIFE.NS,MAHINDRA LIFESPACE DEVELOPERS LIMITED,REALTY,Consumer Discretionary,Realty,Realty,"Residential, Commercial Projects",ok
MAHLOG.NS,MAHINDRA LOGISTICS LIMITED,LOGISTICS,Services,Services,Transport Services,Logistics Solution Provider,ok
MAHSEAMLES.NS,MAHARASHTRA SEAMLESS LIMITED,METALS,Industrials,Capital Goods,Industrial Products,Iron & Steel Products,ok
MANAPPURAM.NS,MANAPPURAM FINANCE LIMITED,FINANCIAL SERVICES,Financial Services,Financial Services,Finance,Non Banking Financial Company (NBFC),ok
MANINFRA.NS,MAN INFRACONSTRUCTION LIMITED,INFRASTRUCTURE,Industrials,Construction,Construction,Civil Construction,ok
MANKIND.NS,MANKIND PHARMA LIMITED,HEALTHCARE,Healthcare,Healthcare,Pharmaceuticals & Biotechnology,Pharmaceuticals,ok
MANYAVAR.NS,VEDANT FASHIONS LIMITED,CONSUMER DURABLES,Consumer Discretionary,Consumer Services,Retailing,Speciality Retail,ok
MAPMYINDIA.NS,CE INFO SYSTEMS LTD,IT,Information Technology,Information Technology,IT - Software,Software Products,ok
MARICO.NS,MARICO LIMITED,FMCG,Fast Moving Consumer Goods,Fast Moving Consumer Goods,Agricultural Food & other Products,Edible Oil,ok
MARUTI.NS,MARUTI SUZUKI INDIA LIMITED,AUTOMOBILE,Consumer Discretionary,Automobile and Auto Components,Automobiles,Passenger Cars & Utility Vehicles,ok
MASTEK.NS,MASTEK LIMITED,IT,Information Technology,Information Technology,IT - Software,Computers - Software & Consulting,ok
MAXHEALTH.NS,MAX HEALTHCARE INSTITUTE LIMITED,HEALTHCARE,Healthcare,Healthcare,Healthcare Services,Hospital,ok
MAZDOCK.NS,MAZAGON DOCK SHIPBUILDERS LTD,DEFENCE,Industrials,Capital Goods,Industrial Manufacturing,Ship Building & Allied Services,ok
MCDOWELL-N.NS,UNITED SPIRITS LIMITED,FMCG,,,,,no_breadcrumb
MCX.NS,MULTI COMMODITY EXCHANGE OF INDIA LIMITED,FINANCIAL SERVICES,Financial Services,Financial Services,Capital Markets,Exchange and Data Platform,ok
MEDANTA.NS,GLOBAL HEALTH LIMITED,HEALTHCARE,Healthcare,Healthcare,Healthcare Services,Hospital,ok
METROBRAND.NS,METRO BRANDS LIMITED,CONSUMER DURABLES,Consumer Discretionary,Consumer Durables,Consumer Durables,Footwear,ok
METROPOLIS.NS,METROPOLIS HEALTHCARE LIMITED,HEALTHCARE,Healthcare,Healthcare,Healthcare Services,Healthcare Service Provider,ok
MFSL.NS,MAX FINANCIAL SERVICES LIMITED,FINANCIAL SERVICES,Financial Services,Financial Services,Insurance,Life Insurance,ok
MGL.NS,MAHANAGAR GAS LIMITED,ENERGY,Energy,"Oil, Gas & Consumable Fuels",Gas,LPG/CNG/PNG/LNG Supplier,ok
MHRIL.NS,MAHINDRA HOLIDAYS & RESORTS INDIA LIMITED,CONSUMER SERVICES,Consumer Discretionary,Consumer Services,Leisure Services,Hotels & Resorts,ok
MIDHANI.NS,MISHRA DHATU NIGAM LIMITED,METALS,Industrials,Capital Goods,Aerospace & Defense,Aerospace & Defense,ok
MINDACORP.NS,MINDA CORPORATION LIMITED,AUTO COMPONENTS,Consumer Discretionary,Automobile and Auto Components,Auto Components,Auto Components & Equipments,ok
MINDAIND.NS,MINDA INDUSTRIES LIMITED,AUTO COMPONENTS,,,,,no_breadcrumb
MMTC.NS,MMTC LIMITED,TRADING,Services,Services,Commercial Services & Supplies,Trading & Distributors,ok
MODEFENCE.NS,MOTILAL OSWAL DEFENCE ETF,DEFENCE,,,,,no_breadcrumb
MOIL.NS,MOIL LIMITED,METALS,Commodities,Metals & Mining,Minerals & Mining,Industrial Minerals,ok
MOTHERSON.NS,SAMVARDHANA MOTHERSON INTERNATIONAL LIMITED,AUTO COMPONENTS,Consumer Discretionary,Automobile and Auto Components,Auto Components,Auto Components & Equipments,ok
MOTILALOFS.NS,MOTILAL OSWAL FINANCIAL SERVICES LIMITED,FINANCIAL SERVICES,Financial Services,Financial Services,Capital Markets,Stockbroking & Allied,ok
MPHASIS.NS,MPHASIS LIMITED,IT,Information Technology,Information Technology,IT - Software,Computers - Software & Consulting,ok
MRF.NS,MRF LIMITED,AUTO COMPONENTS,Consumer Discretionary,Automobile and Auto Components,Auto Components,Tyres & Rubber Products,ok
MRPL.NS,MANGALORE REFINERY AND PETROCHEMICALS LIMITED,ENERGY,Energy,"Oil, Gas & Consumable Fuels",Petroleum Products,Refineries & Marketing,ok
MSUMI.NS,MOTHERSON SUMI WIRING INDIA LIMITED,AUTO COMPONENTS,Consumer Discretionary,Automobile and Auto Components,Auto Components,Auto Components & Equipments,ok
MUTHOOTFIN.NS,MUTHOOT FINANCE LIMITED,FINANCIAL SERVICES,Financial Services,Financial Services,Finance,Non Banking Financial Company (NBFC),ok
NAM-INDIA.NS,NIPPON LIFE INDIA ASSET MANAGEMENT,FINANCIAL SERVICES,Financial Services,Financial Services,Capital Markets,Asset Management Company,ok
NATCOPHARM.NS,NATCO PHARMA LIMITED,HEALTHCARE,Healthcare,Healthcare,Pharmaceuticals & Biotechnology,Pharmaceuticals,ok
NATIONALUM.NS,NATIONAL ALUMINIUM COMPANY LIMITED,METALS,Commodities,Metals & Mining,Non - Ferrous Metals,Aluminium,ok
NAUKRI.NS,INFO EDGE (INDIA) LIMITED,IT,Consumer Discretionary,Consumer Services,Retailing,Internet & Catalogue Retail,ok
NAVA.NS,NAVA LIMITED,ENERGY,Utilities,Power,Power,Power Generation,ok
NAVINFLUOR.NS,NAVIN FLUORINE INTERNATIONAL LIMITED,CHEMICALS,Commodities,Chemicals,Chemicals & Petrochemicals,Specialty Chemicals,ok
NBCC.NS,NBCC (INDIA) LIMITED,INFRASTRUCTURE,Industrials,Construction,Construction,Civil Construction,ok
NCC.NS,NCC LIMITED,INFRASTRUCTURE,Industrials,Construction,Construction,Civil Construction,ok
NESTLEIND.NS,NESTLE INDIA LIMITED,FMCG,Fast Moving Consumer Goods,Fast Moving Consumer Goods,Food Products,Packaged Foods,ok
NETWEB.NS,NETWEB TECHNOLOGIES INDIA LIMITED,IT,Information Technology,Information Technology,IT - Services,IT Enabled Services,ok
NETWORK18.NS,NETWORK18 MEDIA & INVESTMENTS LIMITED,MEDIA,Consumer Discretionary,"Media, Entertainment & Publication",Entertainment,Media & Entertainment,ok
NEULANDLAB.NS,NEULAND LABORATORIES LIMITED,HEALTHCARE,Healthcare,Healthcare,Pharmaceuticals & Biotechnology,Pharmaceuticals,ok
NEWGEN.NS,NEWGEN SOFTWARE TECHNOLOGIES LIMITED,IT,Information Technology,Information Technology,IT - Software,Computers - Software & Consulting,ok
NFL.NS,NATIONAL FERTILIZERS LIMITED,CHEMICALS,Commodities,Chemicals,Fertilizers & Agrochemicals,Fertilizers,ok
NH.NS,NARAYANA HRUDAYALAYA LIMITED,HEALTHCARE,Healthcare,Healthcare,Healthcare Services,Hospital,ok
NHPC.NS,NHPC LIMITED,ENERGY,Utilities,Power,Power,Power Generation,ok
NIACL.NS,THE NEW INDIA ASSURANCE CO LIMITED,FINANCIAL SERVICES,Financial Services,Financial Services,Insurance,General Insurance,ok
NIITLTD.NS,NIIT LIMITED,IT,Consumer Discretionary,Consumer Services,Other Consumer Services,Education,ok
NLCINDIA.NS,NLC INDIA LIMITED,ENERGY,Utilities,Power,Power,Power Generation,ok
NMDC.NS,NMDC LIMITED,METALS,Commodities,Metals & Mining,Minerals & Mining,Industrial Minerals,ok
NOCIL.NS,NOCIL LIMITED,CHEMICALS,Commodities,Chemicals,Chemicals & Petrochemicals,Specialty Chemicals,ok
NSLNISP.NS,NSL NISP LIMITED,HEALTHCARE,Commodities,Metals & Mining,Ferrous Metals,Iron & Steel,ok
NTPC.NS,NTPC LIMITED,ENERGY,Utilities,Power,Power,Power Generation,ok
NUVAMA.NS,NUVAMA WEALTH MANAGEMENT LIMITED,FINANCIAL SERVICES,Financial Services,Financial Services,Capital Markets,Stockbroking & Allied,ok
NUVOCO.NS,NUVOCO VISTAS CORPORATION LIMITED,CEMENT,Commodities,Construction Materials,Cement & Cement Products,Cement & Cement Products,ok
NYKAA.NS,FSN E-Commerce Ventures Ltd,CONSUMER SERVICES,Consumer Discretionary,Consumer Services,Retailing,E-Retail/ E-Commerce,ok
OBEROIRLTY.NS,OBEROI REALTY LIMITED,REALTY,Consumer Discretionary,Realty,Realty,"Residential, Commercial Projects",ok
OFSS.NS,ORACLE FINANCIAL SERVICES SOFTWARE LIMITED,IT,Information Technology,Information Technology,IT - Software,Software Products,ok
OIL.NS,OIL INDIA LIMITED,ENERGY,Energy,"Oil, Gas & Consumable Fuels",Oil,Oil Exploration & Production,ok
OLECTRA.NS,OLECTRA GREENTECH LIMITED,AUTOMOBILE,Consumer Discretionary,Automobile and Auto Components,Automobiles,Passenger Cars & Utility Vehicles,ok
OMAXE.NS,OMAXE LIMITED,REALTY,Consumer Discretionary,Realty,Realty,"Residential, Commercial Projects",ok
ONGC.NS,OIL AND NATURAL GAS CORPORATION LIMITED,ENERGY,Energy,"Oil, Gas & Consumable Fuels",Oil,Oil Exploration & Production,ok
ORIENTELEC.NS,ORIENT ELECTRIC LIMITED,CONSUMER DURABLES,Consumer Discretionary,Consumer Durables,Consumer Durables,Household Appliances,ok
PACEDIGITK.NS,Pace Digitek Limited,IT,Telecommunication,Telecommunication,Telecom - Services,Telecom - Infrastructure,ok
PAGEIND.NS,PAGE INDUSTRIES LIMITED,CONSUMER DURABLES,Consumer Discretionary,Textiles,Textiles & Apparels,Garments & Apparels,ok
PATANJALI.NS,PATANJALI FOODS LIMITED,FMCG,Fast Moving Consumer Goods,Fast Moving Consumer Goods,Agricultural Food & other Products,Edible Oil,ok
PAYTM.NS,ONE97 COMMUNICATIONS LIMITED,FINANCIAL SERVICES,Financial Services,Financial Services,Financial Technology (Fintech),Financial Technology (Fintech),ok
PCBL.NS,PHILLIPS CARBON BLACK LIMITED,CHEMICALS,Commodities,Chemicals,Chemicals & Petrochemicals,Carbon Black,ok
PEL.NS,PIRAMAL ENTERPRISES LIMITED,FINANCIAL SERVICES,Financial Services,Financial Services,Finance,Non Banking Financial Company (NBFC),ok
PERSISTENT.NS,PERSISTENT SYSTEMS LIMITED,IT,Information Technology,Information Technology,IT - Software,Computers - Software & Consulting,ok
PETRONET.NS,PETRONET LNG LIMITED,ENERGY,Energy,"Oil, Gas & Consumable Fuels",Gas,LPG/CNG/PNG/LNG Supplier,ok
PFC.NS,POWER FINANCE CORPORATION LIMITED,FINANCIAL SERVICES,Financial Services,Financial Services,Finance,Financial Institution,ok
PFIZER.NS,PFIZER LIMITED,HEALTHCARE,Healthcare,Healthcare,Pharmaceuticals & Biotechnology,Pharmaceuticals,ok
PGEL.NS,PG Electroplast Limited,CONSUMER DURABLES,Consumer Discretionary,Consumer Durables,Consumer Durables,Consumer Electronics,ok
PGHH.NS,PROCTER & GAMBLE HYGIENE AND HEALTH CARE LIMITED,FMCG,Fast Moving Consumer Goods,Fast Moving Consumer Goods,Personal Products,Personal Care,ok
PHILIPCARB.NS,PHILLIPS CARBON BLACK LIMITED,CHEMICALS,,,,,no_breadcrumb
PHOENIXLTD.NS,THE PHOENIX MILLS LIMITED,REALTY,Consumer Discretionary,Realty,Realty,"Residential, Commercial Projects",ok
PIDILITIND.NS,PIDILITE INDUSTRIES LIMITED,CHEMICALS,Commodities,Chemicals,Chemicals & Petrochemicals,Specialty Chemicals,ok
PIIND.NS,PI INDUSTRIES LIMITED,CHEMICALS,Commodities,Chemicals,Fertilizers & Agrochemicals,Pesticides & Agrochemicals,ok
PNB.NS,PUNJAB NATIONAL BANK,BANKING,Financial Services,Financial Services,Banks,Public Sector Bank,ok
PNBHOUSING.NS,PNB HOUSING FINANCE LIMITED,FINANCIAL SERVICES,Financial Services,Financial Services,Finance,Housing Finance Company,ok
PNCINFRA.NS,PNC INFRATECH LIMITED,INFRASTRUCTURE,Industrials,Construction,Construction,Civil Construction,ok
POLICYBZR.NS,PB FINTECH LIMITED,FINANCIAL SERVICES,Financial Services,Financial Services,Financial Technology (Fintech),Financial Technology (Fintech),ok
POLYCAB.NS,POLYCAB INDIA LIMITED,INDUSTRIAL,Industrials,Capital Goods,Industrial Products,Cables - Electricals,ok
POLYMED.NS,POLY MEDICURE LIMITED,HEALTHCARE,Healthcare,Healthcare,Healthcare Equipment & Supplies,Medical Equipment & Supplies,ok
POLYPLEX.NS,POLYPLEX CORPORATION LIMITED,INDUSTRIAL,Industrials,Capital Goods,Industrial Products,Packaging,ok
POONAWALLA.NS,POONAWALLA FINCORP LIMITED,FINANCIAL SERVICES,Financial Services,Financial Services,Finance,Non Banking Financial Company (NBFC),ok
POWERGRID.NS,POWER GRID CORPORATION OF INDIA LIMITED,ENERGY,Utilities,Power,Power,Power - Transmission,ok
POWERINDIA.NS,ABB POWER PRODUCTS AND SYSTEMS INDIA LIMITED,INDUSTRIAL,Industrials,Capital Goods,Electrical Equipment,Heavy Electrical Equipment,ok
PPLPHARMA.NS,PIRAMAL PHARMA LIMITED,HEALTHCARE,Healthcare,Healthcare,Pharmaceuticals & Biotechnology,Pharmaceuticals,ok
PRAJIND.NS,PRAJ INDUSTRIES LIMITED,INDUSTRIAL,Industrials,Capital Goods,Industrial Manufacturing,Industrial Products,ok
PRESTIGE.NS,PRESTIGE ESTATES PROJECTS LIMITED,REALTY,Consumer Discretionary,Realty,Realty,"Residential, Commercial Projects",ok
PRSMJOHNSN.NS,PRISM JOHNSON LIMITED,CEMENT,Commodities,Construction Materials,Cement & Cement Products,Cement & Cement Products,ok
PTCIL.NS,PTC INDIA FINANCIAL SERVICES LIMITED,ENERGY,Industrials,Capital Goods,Industrial Products,Other Industrial Products,ok
PVRINOX.NS,PVR INOX LIMITED,CONSUMER SERVICES,Consumer Discretionary,"Media, Entertainment & Publication",Entertainment,"Film Production, Distribution & Exhibition",ok
QUESS.NS,QUESS CORP LIMITED,CONSUMER SERVICES,Services,Services,Commercial Services & Supplies,Diversified Commercial Services,ok
RADICO.NS,RADICO KHAITAN LIMITED,FMCG,Fast Moving Consumer Goods,Fast Moving Consumer Goods,Beverages,Breweries & Distilleries,ok
RAILTEL.NS,RAILTEL CORPORATION OF INDIA LIMITED,IT,Telecommunication,Telecommunication,Telecom - Services,Other Telecom Services,ok
RAIN.NS,RAIN INDUSTRIES LIMITED,CHEMICALS,Commodities,Chemicals,Chemicals & Petrochemicals,Petrochemicals,ok
RAINBOW.NS,RAINBOW CHILDRENS MEDICARE LIMITED,HEALTHCARE,Healthcare,Healthcare,Healthcare Services,Hospital,ok
RAJESHEXPO.NS,RAJESH EXPORTS LIMITED,CONSUMER DURABLES,Consumer Discretionary,Consumer Durables,Consumer Durables,"Gems, Jewellery And Watches",ok
RALLIS.NS,RALLIS INDIA LIMITED,CHEMICALS,Commodities,Chemicals,Fertilizers & Agrochemicals,Pesticides & Agrochemicals,ok
RAMCOCEM.NS,THE RAMCO CEMENTS LIMITED,CEMENT,Commodities,Construction Materials,Cement & Cement Products,Cement & Cement Products,ok
RATNAMANI.NS,RATNAMANI METALS & TUBES LIMITED,METALS,Industrials,Capital Goods,Industrial Products,Iron & Steel Products,ok
RAYMOND.NS,RAYMOND LIMITED,TEXTILES,Consumer Discretionary,Realty,Realty,"Residential, Commercial Projects",ok
RBLBANK.NS,RBL BANK LIMITED,BANKING,Financial Services,Financial Services,Banks,Private Sector Bank,ok
RCF.NS,RASHTRIYA CHEMICALS & FERTILIZERS LIMITED,CHEMICALS,Commodities,Chemicals,Fertilizers & Agrochemicals,Fertilizers,ok
RECLTD.NS,REC LIMITED,FINANCIAL SERVICES,Financial Services,Financial Services,Finance,Financial Institution,ok
REDINGTON.NS,REDINGTON LIMITED,IT,Services,Services,Commercial Services & Supplies,Trading & Distributors,ok
RELAXO.NS,RELAXO FOOTWEARS LIMITED,CONSUMER DURABLES,Consumer Discretionary,Consumer Durables,Consumer Durables,Footwear,ok
RELIANCE.NS,RELIANCE INDUSTRIES,CONGLOMERATE,Energy,"Oil, Gas & Consumable Fuels",Petroleum Products,Refineries & Marketing,ok
RELIGARE.NS,RELIGARE ENTERPRISES LTD,FINANCIAL SERVICES,Financial Services,Financial Services,Finance,Investment Company,ok
RENUKA.NS,SHREE RENUKA SUGARS LIMITED,AGRICULTURE,Fast Moving Consumer Goods,Fast Moving Consumer Goods,Agricultural Food & other Products,Sugar,ok
REPCOHOME.NS,REPCO HOME FINANCE LIMITED,FINANCIAL SERVICES,Financial Services,Financial Services,Finance,Housing Finance Company,ok
RHIM.NS,RHI MAGNESITA INDIA LIMITED,INDUSTRIAL,Industrials,Capital Goods,Industrial Products,Electrodes & Refractories,ok
RITES.NS,RITES LIMITED,INFRASTRUCTURE,Industrials,Construction,Construction,Civil Construction,ok
RKFORGE.NS,RAMKRISHNA FORGINGS LIMITED,AUTO COMPONENTS,Consumer Discretionary,Automobile and Auto Components,Auto Components,Auto Components & Equipments,ok
ROUTE.NS,ROUTE MOBILE LIMITED,IT,Telecommunication,Telecommunication,Telecom - Services,Other Telecom Services,ok
RPOWER.NS,RELIANCE POWER LIMITED,ENERGY,Utilities,Power,Power,Power Generation,ok
RRKABEL.NS,RR KABEL LIMITED,INDUSTRIAL,Industrials,Capital Goods,Industrial Products,Cables - Electricals,ok
RTNINDIA.NS,RattanIndia Enterprises Limited,ENERGY,Consumer Discretionary,Consumer Services,Retailing,E-Retail/ E-Commerce,ok
RVNL.NS,RAIL VIKAS NIGAM LIMITED,INFRASTRUCTURE,Industrials,Construction,Construction,Civil Construction,ok
SAIL.NS,STEEL AUTHORITY OF INDIA LIMITED,METALS,Commodities,Metals & Mining,Ferrous Metals,Iron & Steel,ok
SAMMAANCAP.NS,SAMMAAN CAPITAL LIMITED,FINANCIAL SERVICES,Financial Services,Financial Services,Finance,Housing Finance Company,ok
SANOFI.NS,SANOFI INDIA LIMITED,HEALTHCARE,Healthcare,Healthcare,Pharmaceuticals & Biotechnology,Pharmaceuticals,ok
SAPPHIRE.NS,SAPPHIRE FOODS INDIA LIMITED,CONSUMER SERVICES,Consumer Discretionary,Consumer Services,Leisure Services,Restaurants,ok
SARDAEN.NS,SARDA ENERGY & MINERALS LIMITED,METALS,Commodities,Metals & Mining,Ferrous Metals,Iron & Steel,ok
SAREGAMA.NS,SAREGAMA INDIA LIMITED,MEDIA,Consumer Discretionary,"Media, Entertainment & Publication",Entertainment,Media & Entertainment,ok
SBB.NS,SUN PHARMA ADVANCED RESEARCH COMPANY LIMITED,HEALTHCARE,,,,,no_breadcrumb
SBFC.NS,SBFC FINANCE LIMITED,FINANCIAL SERVICES,Financial Services,Financial Services,Finance,Non Banking Financial Company (NBFC),ok
SBICARD.NS,SBI CARDS AND PAYMENT SERVICES,FINANCIAL SERVICES,Financial Services,Financial Services,Finance,Non Banking Financial Company (NBFC),ok
SBILIFE.NS,SBI LIFE INSURANCE COMPANY LIMITED,FINANCIAL SERVICES,Financial Services,Financial Services,Insurance,Life Insurance,ok
SBIN.NS,STATE BANK OF INDIA,BANKING,Financial Services,Financial Services,Banks,Public Sector Bank,ok
SCHAEFFLER.NS,SCHAEFFLER INDIA LIMITED,AUTO COMPONENTS,Consumer Discretionary,Automobile and Auto Components,Auto Components,Auto Components & Equipments,ok
SCI.NS,SHIPPING CORPORATION OF INDIA LIMITED,LOGISTICS,Services,Services,Transport Services,Shipping,ok
SEQUENT.NS,SEQUENT SCIENTIFIC LIMITED,HEALTHCARE,,,,,no_breadcrumb
SFL.NS,SHEELA FOAM LIMITED,CONSUMER DURABLES,Consumer Discretionary,Consumer Durables,Consumer Durables,"Furniture, Home Furnishing",ok
SHARDACROP.NS,SHARDA CROPCHEM LIMITED,CHEMICALS,Commodities,Chemicals,Fertilizers & Agrochemicals,Pesticides & Agrochemicals,ok
SHILPAMED.NS,SHILPA MEDICARE LIMITED,HEALTHCARE,Healthcare,Healthcare,Pharmaceuticals & Biotechnology,Pharmaceuticals,ok
SHOPERSTOP.NS,SHOPPERS STOP LIMITED,CONSUMER SERVICES,Consumer Discretionary,Consumer Services,Retailing,Diversified Retail,ok
SHREECEM.NS,SHREE CEMENT LIMITED,CEMENT,Commodities,Construction Materials,Cement & Cement Products,Cement & Cement Products,ok
SHRIRAMFIN.NS,SHRIRAM FINANCE LIMITED,FINANCIAL SERVICES,Financial Services,Financial Services,Finance,Non Banking Financial Company (NBFC),ok
SHYAMMETL.NS,SHYAM METALICS AND ENERGY LIMITED,METALS,Industrials,Capital Goods,Industrial Products,Iron & Steel Products,ok
SIEMENS.NS,SIEMENS LIMITED,INDUSTRIAL,Industrials,Capital Goods,Electrical Equipment,Heavy Electrical Equipment,ok
SIGNATURE.NS,SIGNATUREGLOBAL (INDIA) LIMITED,REALTY,Consumer Discretionary,Realty,Realty,"Residential, Commercial Projects",ok
SILVERBEES.NS,Nippon India Silver ETF,ETF,,,,,no_breadcrumb
SIS.NS,SECURITY AND INTELLIGENCE SERVICES (INDIA) LIMITED,CONSUMER SERVICES,Consumer Discretionary,Consumer Services,Other Consumer Services,Other Consumer Services,ok
SJVN.NS,SJVN LIMITED,ENERGY,Utilities,Power,Power,Power Generation,ok
SKFINDIA.NS,SKF INDIA LIMITED,INDUSTRIAL,Industrials,Capital Goods,Industrial Products,Abrasives & Bearings,ok
SOBHA.NS,SOBHA LIMITED,REALTY,Consumer Discretionary,Realty,Realty,"Residential, Commercial Projects",ok
SOLARINDS.NS,SOLAR INDUSTRIES INDIA LIMITED,CHEMICALS,Commodities,Chemicals,Chemicals & Petrochemicals,Explosives,ok
SOMANYCERA.NS,SOMANY CERAMICS LIMITED,CONSUMER DURABLES,Consumer Discretionary,Consumer Durables,Consumer Durables,Ceramics,ok
SONACOMS.NS,Sona Blw Precision Forgings Ltd,AUTO COMPONENTS,Consumer Discretionary,Automobile and Auto Components,Auto Components,Auto Components & Equipments,ok
SONATSOFTW.NS,SONATA SOFTWARE LIMITED,IT,Information Technology,Information Technology,IT - Software,Computers - Software & Consulting,ok
SOTL.NS,SAVITA OIL TECHNOLOGIES LIMITED,CHEMICALS,Energy,"Oil, Gas & Consumable Fuels",Petroleum Products,Lubricants,ok
SPARC.NS,SUN PHARMA ADVANCED RESEARCH COMPANY LIMITED,HEALTHCARE,Healthcare,Healthcare,Pharmaceuticals & Biotechnology,Pharmaceuticals,ok
SPICEJET.NS,SPICEJET LIMITED,AVIATION,Services,Services,Transport Services,Airline,ok
SRF.NS,SRF LIMITED,CHEMICALS,Commodities,Chemicals,Chemicals & Petrochemicals,Commodity Chemicals,ok
STARCEMENT.NS,STAR CEMENT LIMITED,CEMENT,Commodities,Construction Materials,Cement & Cement Products,Cement & Cement Products,ok
STARHEALTH.NS,STAR HEALTH AND ALLIED INSURANCE COMPANY LIMITED,FINANCIAL SERVICES,Financial Services,Financial Services,Insurance,General Insurance,ok
STLTECH.NS,STERLITE TECHNOLOGIES LIMITED,TELECOM,Telecommunication,Telecommunication,Telecom -  Equipment & Accessories,Telecom -  Equipment & Accessories,ok
SUDARSCHEM.NS,SUDARSHAN CHEMICAL INDUSTRIES LIMITED,CHEMICALS,Commodities,Chemicals,Chemicals & Petrochemicals,Dyes And Pigments,ok
SUMICHEM.NS,SUMITOMO CHEMICAL INDIA LIMITED,CHEMICALS,Commodities,Chemicals,Fertilizers & Agrochemicals,Pesticides & Agrochemicals,ok
SUNDARMFIN.NS,SUNDARAM FINANCE LIMITED,FINANCIAL SERVICES,Financial Services,Financial Services,Finance,Non Banking Financial Company (NBFC),ok
SUNDRMFAST.NS,SUNDRAM FASTENERS LIMITED,AUTO COMPONENTS,Consumer Discretionary,Automobile and Auto Components,Auto Components,Auto Components & Equipments,ok
SUNPHARMA.NS,SUN PHARMACEUTICAL INDUSTRIES LIMITED,HEALTHCARE,Healthcare,Healthcare,Pharmaceuticals & Biotechnology,Pharmaceuticals,ok
SUNTV.NS,SUN TV NETWORK LIMITED,MEDIA,Consumer Discretionary,"Media, Entertainment & Publication",Entertainment,TV Broadcasting & Software Production,ok
SUPRAJIT.NS,SUPRAJIT ENGINEERING LIMITED,AUTO COMPONENTS,Consumer Discretionary,Automobile and Auto Components,Auto Components,Auto Components & Equipments,ok
SUPREMEIND.NS,SUPREME INDUSTRIES LIMITED,INDUSTRIAL,Industrials,Capital Goods,Industrial Products,Plastic Products - Industrial,ok
SUVENPHAR.NS,SUVEN PHARMACEUTICALS LIMITED,HEALTHCARE,,,,,no_breadcrumb
SUZLON.NS,SUZLON ENERGY LIMITED,ENERGY,Industrials,Capital Goods,Electrical Equipment,Heavy Electrical Equipment,ok
SWANENERGY.NS,SWAN ENERGY LIMITED,ENERGY,,,,,no_breadcrumb
SWSOLAR.NS,STERLING AND WILSON SOLAR LIMITED,ENERGY,Industrials,Construction,Construction,Civil Construction,ok
SYMPHONY.NS,SYMPHONY LIMITED,CONSUMER DURABLES,Consumer Discretionary,Consumer Durables,Consumer Durables,Household Appliances,ok
SYNGENE.NS,SYNGENE INTERNATIONAL LIMITED,HEALTHCARE,Healthcare,Healthcare,Healthcare Services,"Healthcare Research, Analytics & Technology",ok
SYRMA.NS,SYRMA SGS TECHNOLOGY LIMITED,INDUSTRIAL,Industrials,Capital Goods,Industrial Manufacturing,Industrial Products,ok
TAJGVK.NS,TAJ GVK HOTELS & RESORTS LIMITED,CONSUMER SERVICES,Consumer Discretionary,Consumer Services,Leisure Services,Hotels & Resorts,ok
TANLA.NS,TANLA PLATFORMS LIMITED,IT,Information Technology,Information Technology,IT - Software,Software Products,ok
TATACHEM.NS,TATA CHEMICALS LIMITED,CHEMICALS,Commodities,Chemicals,Chemicals & Petrochemicals,Commodity Chemicals,ok
TATACOMM.NS,TATA COMMUNICATIONS LIMITED,TELECOM,Telecommunication,Telecommunication,Telecom - Services,Telecom - Cellular & Fixed line services,ok
TATACONSUM.NS,TATA CONSUMER PRODUCTS LIMITED,FMCG,Fast Moving Consumer Goods,Fast Moving Consumer Goods,Agricultural Food & other Products,Tea & Coffee,ok
TATAELXSI.NS,TATA ELXSI LIMITED,IT,Information Technology,Information Technology,IT - Software,Computers - Software & Consulting,ok
TATAINVEST.NS,TATA INVESTMENT CORPORATION LIMITED,CONGLOMERATE,Financial Services,Financial Services,Finance,Investment Company,ok
TATAMOTORS.NS,TATA MOTORS LIMITED,AUTOMOBILE,,,,,no_breadcrumb
TATAPOWER.NS,TATA POWER COMPANY LIMITED,ENERGY,Utilities,Power,Power,Integrated Power Utilities,ok
TATASTEEL.NS,TATA STEEL LIMITED,METALS,Commodities,Metals & Mining,Ferrous Metals,Iron & Steel,ok
TATATECH.NS,TATA TECHNOLOGIES LIMITED,IT,Information Technology,Information Technology,IT - Services,IT Enabled Services,ok
TBOTEK.NS,TBO TEK LIMITED,CONSUMER SERVICES,Consumer Discretionary,Consumer Services,Leisure Services,"Tour, Travel Related Services",ok
TCS.NS,TATA CONSULTANCY SERVICES LIMITED,IT,Information Technology,Information Technology,IT - Software,Computers - Software & Consulting,ok
TEAMLEASE.NS,TEAMLEASE SERVICES LIMITED,CONSUMER SERVICES,Services,Services,Commercial Services & Supplies,Diversified Commercial Services,ok
TECHM.NS,TECH MAHINDRA LIMITED,IT,Information Technology,Information Technology,IT - Software,Computers - Software & Consulting,ok
TECHNOE.NS,TECHNO ELECTRIC & ENGINEERING CO,IT,Industrials,Construction,Construction,Civil Construction,ok
TEJASNET.NS,TEJAS NETWORKS LIMITED,TELECOM,Telecommunication,Telecommunication,Telecom -  Equipment & Accessories,Telecom -  Equipment & Accessories,ok
THERMAX.NS,THERMAX LIMITED,INDUSTRIAL,Industrials,Capital Goods,Electrical Equipment,Heavy Electrical Equipment,ok
THOMASCOOK.NS,THOMAS COOK (INDIA) LIMITED,CONSUMER SERVICES,Consumer Discretionary,Consumer Services,Leisure Services,"Tour, Travel Related Services",ok
THYROCARE.NS,THYROCARE TECHNOLOGIES LIMITED,HEALTHCARE,Healthcare,Healthcare,Healthcare Services,Healthcare Service Provider,ok
TIINDIA.NS,TUBE INVESTMENTS OF INDIA LIMITED,AUTO COMPONENTS,Consumer Discretionary,Automobile and Auto Components,Auto Components,Auto Components & Equipments,ok
TIMKEN.NS,TIMKEN INDIA LIMITED,INDUSTRIAL,Industrials,Capital Goods,Industrial Products,Abrasives & Bearings,ok
TITAGARH.NS,TITAGARH RAIL SYSTEMS LIMITED,INDUSTRIAL,Industrials,Capital Goods,Industrial Manufacturing,Railway Wagons,ok
TITAN.NS,TITAN COMPANY LTD,CONSUMER DURABLES,Consumer Discretionary,Consumer Durables,Consumer Durables,"Gems, Jewellery And Watches",ok
TORNTPHARM.NS,TORRENT PHARMACEUTICALS LIMITED,HEALTHCARE,Healthcare,Healthcare,Pharmaceuticals & Biotechnology,Pharmaceuticals,ok
TORNTPOWER.NS,TORRENT POWER LIMITED,ENERGY,Utilities,Power,Power,Integrated Power Utilities,ok
TRENT.NS,TRENT LIMITED,CONSUMER SERVICES,Consumer Discretionary,Consumer Services,Retailing,Speciality Retail,ok
TRIDENT.NS,TRIDENT LIMITED,TEXTILES,Consumer Discretionary,Textiles,Textiles & Apparels,Other Textile Products,ok
TRITURBINE.NS,TRIVENI TURBINE LIMITED,INDUSTRIAL,Industrials,Capital Goods,Electrical Equipment,Heavy Electrical Equipment,ok
TRIVENI.NS,TRIVENI ENGINEERING & INDUSTRIES LIMITED,INDUSTRIAL,Fast Moving Consumer Goods,Fast Moving Consumer Goods,Agricultural Food & other Products,Sugar,ok
TTKPRESTIG.NS,TTK PRESTIGE LIMITED,CONSUMER DURABLES,Consumer Discretionary,Consumer Durables,Consumer Durables,Household Appliances,ok
TTML.NS,TATA TELESERVICES MAHARASHTRA,TELECOM,Telecommunication,Telecommunication,Telecom - Services,Telecom - Cellular & Fixed line services,ok
TV18BRDCST.NS,TV18 BROADCAST LIMITED,MEDIA,Consumer Discretionary,"Media, Entertainment & Publication",Entertainment,TV Broadcasting & Software Production,ok
TVSHLTD.NS,TVS HOLDINGS LIMITED,FINANCIAL SERVICES,Financial Services,Financial Services,Finance,Investment Company,ok
TVSMOTOR.NS,TVS MOTOR COMPANY LTD,AUTOMOBILE,Consumer Discretionary,Automobile and Auto Components,Automobiles,2/3 Wheelers,ok
TVSSRICHAK.NS,TVS SRICHAKRA LIMITED,AUTO COMPONENTS,Consumer Discretionary,Automobile and Auto Components,Auto Components,Tyres & Rubber Products,ok
UBL.NS,UNITED BREWERIES LIMITED,FMCG,Fast Moving Consumer Goods,Fast Moving Consumer Goods,Beverages,Breweries & Distilleries,ok
UCOBANK.NS,UCO BANK,BANKING,Financial Services,Financial Services,Banks,Public Sector Bank,ok
UFLEX.NS,UFLEX LIMITED,INDUSTRIAL,Industrials,Capital Goods,Industrial Products,Packaging,ok
UJJIVANSFB.NS,UJJIVAN SMALL FINANCE BANK LIMITED,BANKING,Financial Services,Financial Services,Banks,Other Bank,ok
ULTRACEMCO.NS,ULTRATECH CEMENT LIMITED,CEMENT,Commodities,Construction Materials,Cement & Cement Products,Cement & Cement Products,ok
UNIONBANK.NS,UNION BANK OF INDIA,BANKING,Financial Services,Financial Services,Banks,Public Sector Bank,ok
UNITDSPR.NS,UNITED SPIRITS LIMITED,FMCG,Fast Moving Consumer Goods,Fast Moving Consumer Goods,Beverages,Breweries & Distilleries,ok
UNOMINDA.NS,UNO MINDA LIMITED,AUTO COMPONENTS,Consumer Discretionary,Automobile and Auto Components,Auto Components,Auto Components & Equipments,ok
UPL.NS,UPL LIMITED,CHEMICALS,Commodities,Chemicals,Fertilizers & Agrochemicals,Pesticides & Agrochemicals,ok
USHAMART.NS,USHA MARTIN LIMITED,METALS,Industrials,Capital Goods,Industrial Products,Iron & Steel Products,ok
UTIAMC.NS,UTI ASSET MANAGEMENT COMPANY LIMITED,FINANCIAL SERVICES,Financial Services,Financial Services,Capital Markets,Asset Management Company,ok
VAIBHAVGBL.NS,VAIBHAV GLOBAL LIMITED,CONSUMER SERVICES,Consumer Discretionary,Consumer Durables,Consumer Durables,"Gems, Jewellery And Watches",ok
VARROC.NS,VARROC ENGINEERING LIMITED,AUTO COMPONENTS,Consumer Discretionary,Automobile and Auto Components,Auto Components,Auto Components & Equipments,ok
VBL.NS,VARUN BEVERAGES LIMITED,FMCG,Fast Moving Consumer Goods,Fast Moving Consumer Goods,Beverages,Other Beverages,ok
VEDL.NS,VEDANTA LIMITED,METALS,Commodities,Metals & Mining,Diversified Metals,Diversified Metals,ok
VGUARD.NS,V-GUARD INDUSTRIES LIMITED,CONSUMER DURABLES,Consumer Discretionary,Consumer Durables,Consumer Durables,Household Appliances,ok
VIJAYA.NS,VIJAYA DIAGNOSTICS CENTRE LIMITED,HEALTHCARE,Healthcare,Healthcare,Healthcare Services,Healthcare Service Provider,ok
VINATIORGA.NS,VINATI ORGANICS LIMITED,CHEMICALS,Commodities,Chemicals,Chemicals & Petrochemicals,Specialty Chemicals,ok
VIPIND.NS,VIP INDUSTRIES LIMITED,CONSUMER DURABLES,Consumer Discretionary,Consumer Durables,Consumer Durables,Plastic Products - Consumer,ok
VLSFINANCE.NS,VLS FINANCE LIMITED,FINANCIAL SERVICES,Financial Services,Financial Services,Finance,Investment Company,ok
VOLTAS.NS,VOLTAS LIMITED,CONSUMER DURABLES,Consumer Discretionary,Consumer Durables,Consumer Durables,Household Appliances,ok
VRLLOG.NS,VRL LOGISTICS LIMITED,LOGISTICS,Services,Services,Transport Services,Logistics Solution Provider,ok
VSTIND.NS,VST INDUSTRIES LIMITED,FMCG,Fast Moving Consumer Goods,Fast Moving Consumer Goods,Cigarettes & Tobacco Products,Cigarettes & Tobacco Products,ok
VTL.NS,VARDHMAN TEXTILES LIMITED,TEXTILES,Consumer Discretionary,Textiles,Textiles & Apparels,Other Textile Products,ok
WABAG.NS,VA TECH WABAG LIMITED,INFRASTRUCTURE,Utilities,Utilities,Other Utilities,Water Supply & Management,ok
WELCORP.NS,WELSPUN CORP LIMITED,METALS,Industrials,Capital Goods,Industrial Products,Iron & Steel Products,ok
WELSPUNIND.NS,WELSPUN INDIA LIMITED,TEXTILES,,,,,no_breadcrumb
WELSPUNLIV.NS,WELSPUN LIVING LIMITED,TEXTILES,Consumer Discretionary,Textiles,Textiles & Apparels,Other Textile Products,ok
WESTLIFE.NS,WESTLIFE DEVELOPMENT LIMITED,CONSUMER SERVICES,Consumer Discretionary,Consumer Services,Leisure Services,Restaurants,ok
WHIRLPOOL.NS,WHIRLPOOL OF INDIA LIMITED,CONSUMER DURABLES,Consumer Discretionary,Consumer Durables,Consumer Durables,Household Appliances,ok
WIPRO.NS,WIPRO LIMITED,IT,Information Technology,Information Technology,IT - Software,Computers - Software & Consulting,ok
WOCKPHARMA.NS,WOCKHARDT LIMITED,HEALTHCARE,Healthcare,Healthcare,Pharmaceuticals & Biotechnology,Pharmaceuticals,ok
YESBANK.NS,YES BANK LIMITED,BANKING,Financial Services,Financial Services,Banks,Private Sector Bank,ok
ZEEL.NS,ZEE ENTERTAINMENT ENTERPRISES LIMITED,MEDIA,Consumer Discretionary,"Media, Entertainment & Publication",Entertainment,TV Broadcasting & Software Production,ok
ZENSARTECH.NS,ZENSAR TECHNOLOGIES LIMITED,IT,Information Technology,Information Technology,IT - Software,Computers - Software & Consulting,ok
ZENTEC.NS,ZEN TECHNOLOGIES LIMITED,DEFENCE,Industrials,Capital Goods,Aerospace & Defense,Aerospace & Defense,ok
ZFCVINDIA.NS,ZF COMMERCIAL VEHICLE CONTROL SYSTEMS,AUTO COMPONENTS,Consumer Discretionary,Automobile and Auto Components,Auto Components,Auto Components & Equipments,ok
ZOMATO.NS,ZOMATO LIMITED,CONSUMER SERVICES,,,,,no_breadcrumb
ZYDUSLIFE.NS,ZYDUS LIFESCIENCES LIMITED,HEALTHCARE,Healthcare,Healthcare,Pharmaceuticals & Biotechnology,Pharmaceuticals,ok
